Isolate,bin_ID,status,superkingdom,phylum,class,ordermily,genus,species,strain
001,001.1,disagree,Eukaryota,Ascomycota,Saccharomycetes,Saccharomycetales,Debaryomycetaceae,Meyerozyma,,
002,002.1,found,Bacteria,Proteobacteria,Gammaproteobacteria,Pseudomonadales,Pseudomonadaceae,Pseudomonas,Pseudomonas putida,
003,003.1,found,Bacteria,Proteobacteria,Gammaproteobacteria,Enterobacterales,Enterobacteriaceae,Enterobacter,,
004,004.1,found,Eukaryota,Basidiomycota,Microbotryomycetes,Sporidiobolales,Sporidiobolaceae,Rhodotorula,Rhodotorula graminis,
006,006.1,found,Bacteria,Proteobacteria,Gammaproteobacteria,Enterobacterales,Enterobacteriaceae,Enterobacter,,
007,007.1,disagree,Bacteria,Proteobacteria,Alphaproteobacteria,Rhizobiales,Rhizobiaceae,Agrobacterium,,
007,007.2,nomatch,,,,,,,,
008,008.1,disagree,Eukaryota,Ascomycota,Saccharomycetes,Saccharomycetales,Debaryomycetaceae,Meyerozyma,,
009,009.1,found,Bacteria,Proteobacteria,Gammaproteobacteria,Enterobacterales,Enterobacteriaceae,,,
010,010.1,disagree,Bacteria,Proteobacteria,Gammaproteobacteria,Enterobacterales,Yersiniaceae,Rahnella,,
011,011.1,found,Bacteria,Proteobacteria,Alphaproteobacteria,Rhizobiales,Rhizobiaceae,Agrobacterium,Agrobacterium tumciens,
014,014.1,found,Bacteria,Proteobacteria,Gammaproteobacteria,Enterobacterales,Enterobacteriaceae,Raoultella,Raoultella terrigena,
015,015.1,found,Bacteria,Proteobacteria,Gammaproteobacteria,Enterobacterales,Yersiniaceae,Serratia,Serratia liquciens,
016,016.1,disagree,Eukaryota,Ascomycota,Saccharomycetes,Saccharomycetales,Debaryomycetaceae,Meyerozyma,,
017,017.1,found,Bacteria,Proteobacteria,Gammaproteobacteria,Enterobacterales,Enterobacteriaceae,Enterobacter,,
018,018.1,found,Bacteria,Proteobacteria,Alphaproteobacteria,Rhizobiales,Rhizobiaceae,Agrobacterium,Agrobacterium tumciens,
019,019.1,found,Bacteria,Proteobacteria,Gammaproteobacteria,Enterobacterales,Enterobacteriaceae,Enterobacter,,
020,020.1,found,Bacteria,Proteobacteria,Gammaproteobacteria,Enterobacterales,Yersiniaceae,Serratia,Serratia liquciens,
021,021.1,found,Bacteria,Proteobacteria,Gammaproteobacteria,Enterobacterales,Enterobacteriaceae,Enterobacter,,
022,022.1,found,Bacteria,Proteobacteria,Gammaproteobacteria,Enterobacterales,Erwiniaceae,Pantoea,Pantoea dispersa,
023,023.1,found,Bacteria,Proteobacteria,Gammaproteobacteria,Enterobacterales,Enterobacteriaceae,Enterobacter,,
024,024.1,disagree,Bacteria,Proteobacteria,Gammaproteobacteria,Enterobacterales,Enterobacteriaceae,Raoultella,,
025,025.1,disagree,Eukaryota,Ascomycota,Saccharomycetes,Saccharomycetales,Debaryomycetaceae,Meyerozyma,,
026,026.1,found,Bacteria,Proteobacteria,Gammaproteobacteria,Enterobacterales,Erwiniaceae,Pantoea,Pantoea dispersa,
027,027.1,found,Bacteria,Proteobacteria,Gammaproteobacteria,Pseudomonadales,Pseudomonadaceae,Pseudomonas,Pseudomonas fluorescens,
028-1,028-1.1,found,Bacteria,Firmicutes,Bacilli,Bacillales,Bacillaceae,Bacillus,Bacillus cereus,
028-2,028-2.1,found,Bacteria,Firmicutes,Bacilli,Lactobacillales,Streptococcaceae,Lactococcus,Lactococcus lactis,
029,029.1,disagree,Bacteria,Proteobacteria,Gammaproteobacteria,Enterobacterales,Enterobacteriaceae,,,
030,030.1,found,Bacteria,Proteobacteria,Gammaproteobacteria,Enterobacterales,Enterobacteriaceae,Enterobacter,,
031,031.1,disagree,Bacteria,Proteobacteria,Gammaproteobacteria,Enterobacterales,Enterobacteriaceae,Raoultella,,
032,032.1,found,Bacteria,Proteobacteria,Gammaproteobacteria,Enterobacterales,Hafniaceae,Hafnia,Hafnia alvei,
033,033.1,found,Bacteria,Proteobacteria,Gammaproteobacteria,Enterobacterales,Enterobacteriaceae,Raoultella,Raoultella terrigena,
033,033.2,found,Bacteria,Proteobacteria,Gammaproteobacteria,Enterobacterales,,,,
034,034.1,found,Bacteria,Proteobacteria,Gammaproteobacteria,Enterobacterales,Enterobacteriaceae,Enterobacter,,
036,036.1,disagree,Bacteria,Proteobacteria,Gammaproteobacteria,Enterobacterales,Enterobacteriaceae,,,
037,037.1,found,Bacteria,Proteobacteria,Gammaproteobacteria,Enterobacterales,Enterobacteriaceae,Enterobacter,,
038,038.1,disagree,Bacteria,Proteobacteria,Gammaproteobacteria,Enterobacterales,Yersiniaceae,Rahnella,,
039,039.1,found,Bacteria,Proteobacteria,Gammaproteobacteria,Enterobacterales,Enterobacteriaceae,Enterobacter,,
041,041.1,found,Bacteria,Proteobacteria,Gammaproteobacteria,Enterobacterales,Enterobacteriaceae,Citrobacter,Citrobacter freundii,
042,042.1,disagree,Bacteria,Proteobacteria,Gammaproteobacteria,Enterobacterales,Yersiniaceae,Rahnella,,
042,042.2,found,Bacteria,Proteobacteria,Gammaproteobacteria,Enterobacterales,Yersiniaceae,Rahnella,,
043,043.1,found,Bacteria,Proteobacteria,Gammaproteobacteria,Enterobacterales,Enterobacteriaceae,Enterobacter,,
044,044.1,disagree,Bacteria,Proteobacteria,Gammaproteobacteria,Enterobacterales,Yersiniaceae,,,
045,045.1,found,Bacteria,Proteobacteria,Gammaproteobacteria,Enterobacterales,Enterobacteriaceae,Citrobacter,Citrobacter freundii,
046,046.1,disagree,Bacteria,Proteobacteria,Gammaproteobacteria,Enterobacterales,Enterobacteriaceae,,,
048,048.1,found,Bacteria,Proteobacteria,Gammaproteobacteria,Enterobacterales,Yersiniaceae,Serratia,Serratia liquciens,
049,049.1,disagree,Eukaryota,Ascomycota,Saccharomycetes,Saccharomycetales,Debaryomycetaceae,Meyerozyma,,
051,051.1,disagree,Bacteria,Proteobacteria,Gammaproteobacteria,Enterobacterales,Enterobacteriaceae,,,
052,052.1,found,Bacteria,Proteobacteria,Gammaproteobacteria,Enterobacterales,Enterobacteriaceae,Enterobacter,Enterobacter cloacae,
053,053.1,disagree,Eukaryota,Ascomycota,Saccharomycetes,Saccharomycetales,Debaryomycetaceae,Meyerozyma,,
054,054.1,disagree,Bacteria,Proteobacteria,Gammaproteobacteria,Pseudomonadales,Pseudomonadaceae,Pseudomonas,,
055,055.1,disagree,Bacteria,Proteobacteria,Gammaproteobacteria,Enterobacterales,Enterobacteriaceae,,,
056,056.1,disagree,Bacteria,Proteobacteria,Gammaproteobacteria,Enterobacterales,Enterobacteriaceae,,,
058,058.1,disagree,Bacteria,Proteobacteria,Gammaproteobacteria,Enterobacterales,,,,
058,058.2,found,Bacteria,Proteobacteria,Gammaproteobacteria,Enterobacterales,Erwiniaceae,Pantoea,Pantoea vagans,
059,059.1,disagree,Bacteria,Proteobacteria,Gammaproteobacteria,Enterobacterales,Enterobacteriaceae,,,
060,060.1,found,Bacteria,Proteobacteria,Gammaproteobacteria,Enterobacterales,Enterobacteriaceae,Klebsiella,,
061,061.1,disagree,Bacteria,Proteobacteria,Gammaproteobacteria,Enterobacterales,Enterobacteriaceae,,,
062,062.1,disagree,Bacteria,Proteobacteria,Gammaproteobacteria,Enterobacterales,Enterobacteriaceae,,,
064,064.1,found,Bacteria,Proteobacteria,Gammaproteobacteria,Xanthomonadales,Xanthomonadaceae,Stenotrophomonas,Stenotrophomonas maltophilia,
065,065.1,disagree,Bacteria,Proteobacteria,Gammaproteobacteria,Pseudomonadales,Pseudomonadaceae,Pseudomonas,,
066,066.1,disagree,Bacteria,Proteobacteria,Gammaproteobacteria,Enterobacterales,Enterobacteriaceae,,,
067,067.1,found,Bacteria,Proteobacteria,Gammaproteobacteria,Enterobacterales,Enterobacteriaceae,Enterobacter,,
068,068.1,disagree,Eukaryota,Ascomycota,Saccharomycetes,Saccharomycetales,Debaryomycetaceae,Meyerozyma,,
069,069.1,disagree,Bacteria,Proteobacteria,Gammaproteobacteria,Enterobacterales,Yersiniaceae,,,
070,070.1,disagree,Bacteria,Proteobacteria,Gammaproteobacteria,Enterobacterales,Enterobacteriaceae,Raoultella,,
071,071.1,disagree,Eukaryota,Ascomycota,Saccharomycetes,Saccharomycetales,Debaryomycetaceae,Meyerozyma,,
072,072.1,found,Bacteria,Actinobacteria,Actinobacteria,Corynebacteriales,Nocardiaceae,Rhodococcus,Rhodococcus erythropolis,
073,073.1,disagree,Bacteria,Proteobacteria,Gammaproteobacteria,Enterobacterales,Yersiniaceae,,,
074,074.1,disagree,Bacteria,Proteobacteria,Gammaproteobacteria,Enterobacterales,Yersiniaceae,Rahnella,,
075,075.1,disagree,Bacteria,Proteobacteria,Gammaproteobacteria,Enterobacterales,Enterobacteriaceae,,,
076,076.1,disagree,Bacteria,Proteobacteria,Gammaproteobacteria,Enterobacterales,Yersiniaceae,Rahnella,,
077,077.1,found,Bacteria,Proteobacteria,Gammaproteobacteria,Enterobacterales,Yersiniaceae,Serratia,Serratia liquciens,
078,078.1,disagree,Bacteria,Proteobacteria,Gammaproteobacteria,Enterobacterales,Yersiniaceae,Rahnella,,
079,079.1,found,Bacteria,Proteobacteria,Gammaproteobacteria,Enterobacterales,Enterobacteriaceae,Enterobacter,,
081,081.1,disagree,Eukaryota,Ascomycota,Saccharomycetes,Saccharomycetales,Debaryomycetaceae,Meyerozyma,,
082,082.1,found,Bacteria,Proteobacteria,Gammaproteobacteria,Enterobacterales,Enterobacteriaceae,Enterobacter,,
083,083.1,found,Bacteria,Proteobacteria,Gammaproteobacteria,Enterobacterales,Enterobacteriaceae,Enterobacter,,
083,083.2,found,Bacteria,Actinobacteria,Actinobacteria,Micrococcales,Microbacteriaceae,Curtobacterium,,
084,084.1,disagree,Eukaryota,Ascomycota,Saccharomycetes,Saccharomycetales,Debaryomycetaceae,Meyerozyma,,
085,085.1,disagree,Bacteria,Proteobacteria,Gammaproteobacteria,Enterobacterales,Enterobacteriaceae,Raoultella,,
087,087.1,found,Bacteria,Proteobacteria,Gammaproteobacteria,Enterobacterales,Enterobacteriaceae,Enterobacter,,
089,089.1,disagree,Bacteria,Proteobacteria,Gammaproteobacteria,Enterobacterales,Enterobacteriaceae,,,
090,090.1,disagree,Bacteria,Proteobacteria,Gammaproteobacteria,Enterobacterales,,,,
090,090.2,found,Bacteria,Proteobacteria,Gammaproteobacteria,Enterobacterales,Erwiniaceae,Pantoea,Pantoea vagans,
091,091.1,found,Bacteria,Proteobacteria,Gammaproteobacteria,Xanthomonadales,Xanthomonadaceae,Stenotrophomonas,Stenotrophomonas maltophilia,
092,092.1,disagree,Bacteria,Proteobacteria,Gammaproteobacteria,Enterobacterales,Enterobacteriaceae,,,
093,093.1,disagree,Bacteria,Proteobacteria,Gammaproteobacteria,Enterobacterales,Enterobacteriaceae,Raoultella,,
094,094.1,disagree,Eukaryota,Ascomycota,Saccharomycetes,Saccharomycetales,Debaryomycetaceae,Meyerozyma,,
095,095.1,found,Bacteria,,,,,,,
096,096.1,disagree,Eukaryota,Ascomycota,Saccharomycetes,Saccharomycetales,Debaryomycetaceae,Meyerozyma,,
099,099.1,disagree,Bacteria,Proteobacteria,Gammaproteobacteria,Xanthomonadales,Xanthomonadaceae,Stenotrophomonas,,
100,100.1,found,Bacteria,Proteobacteria,Gammaproteobacteria,Enterobacterales,Enterobacteriaceae,Enterobacter,,
101,101.1,disagree,Bacteria,Proteobacteria,Gammaproteobacteria,Enterobacterales,Enterobacteriaceae,,,
102,102.1,disagree,Bacteria,Proteobacteria,Gammaproteobacteria,Pseudomonadales,Pseudomonadaceae,Pseudomonas,,
103,103.1,found,Bacteria,Proteobacteria,Gammaproteobacteria,Pseudomonadales,Pseudomonadaceae,Pseudomonas,Pseudomonas fluorescens,
104,104.1,disagree,Bacteria,Proteobacteria,Gammaproteobacteria,Enterobacterales,Enterobacteriaceae,Raoultella,,
105,105.1,disagree,Bacteria,Proteobacteria,Gammaproteobacteria,Enterobacterales,Enterobacteriaceae,,,
106,106.1,found,Bacteria,Proteobacteria,Gammaproteobacteria,Enterobacterales,Enterobacteriaceae,Enterobacter,,
109,109.1,found,Bacteria,Proteobacteria,Gammaproteobacteria,Enterobacterales,Erwiniaceae,Pantoea,Pantoea dispersa,
110,110.1,disagree,Bacteria,Proteobacteria,Gammaproteobacteria,Enterobacterales,Enterobacteriaceae,,,
111,111.1,disagree,Bacteria,Proteobacteria,Gammaproteobacteria,Enterobacterales,Enterobacteriaceae,Enterobacter,,
112,112.1,disagree,Bacteria,Proteobacteria,Gammaproteobacteria,Enterobacterales,Enterobacteriaceae,,,
113,113.1,disagree,Bacteria,Proteobacteria,Gammaproteobacteria,Xanthomonadales,Xanthomonadaceae,Stenotrophomonas,,
114,114.1,disagree,Bacteria,Proteobacteria,Gammaproteobacteria,Enterobacterales,Yersiniaceae,Rahnella,,
115,115.1,found,Bacteria,Proteobacteria,Gammaproteobacteria,Enterobacterales,Enterobacteriaceae,,,
116,116.1,found,Bacteria,Proteobacteria,Gammaproteobacteria,Enterobacterales,Erwiniaceae,Pantoea,Pantoea ananatis,
117,117.1,disagree,Bacteria,Proteobacteria,Gammaproteobacteria,Enterobacterales,Yersiniaceae,,,
118,118.1,found,Bacteria,Proteobacteria,Alphaproteobacteria,Rhizobiales,Rhizobiaceae,Agrobacterium,Agrobacterium tumciens,
119,119.1,disagree,Bacteria,Proteobacteria,Gammaproteobacteria,Enterobacterales,Enterobacteriaceae,,,
120,120.1,found,Bacteria,Actinobacteria,Actinobacteria,Micrococcales,Microbacteriaceae,Curtobacterium,,
121,121.1,disagree,Bacteria,Proteobacteria,Gammaproteobacteria,Enterobacterales,Yersiniaceae,Rahnella,,
122,122.1,disagree,Bacteria,Proteobacteria,Gammaproteobacteria,Pseudomonadales,Pseudomonadaceae,Pseudomonas,,
124,124.1,found,Bacteria,Proteobacteria,Gammaproteobacteria,Enterobacterales,Enterobacteriaceae,,,
125,125.1,disagree,Bacteria,Proteobacteria,Gammaproteobacteria,Pseudomonadales,Pseudomonadaceae,Pseudomonas,,
126,126.1,found,Bacteria,Proteobacteria,Gammaproteobacteria,Enterobacterales,Enterobacteriaceae,Citrobacter,Citrobacter freundii,
127,127.1,disagree,Eukaryota,Ascomycota,Saccharomycetes,Saccharomycetales,Debaryomycetaceae,Meyerozyma,,
128,128.1,found,Bacteria,Proteobacteria,Gammaproteobacteria,Enterobacterales,Enterobacteriaceae,Klebsiella,Klebsiella michiganensis,
129,129.1,disagree,Bacteria,Proteobacteria,Gammaproteobacteria,Enterobacterales,Yersiniaceae,Rahnella,,
130,130.1,disagree,Bacteria,Proteobacteria,Gammaproteobacteria,Enterobacterales,Enterobacteriaceae,,,
131,131.1,disagree,Bacteria,Proteobacteria,Gammaproteobacteria,Enterobacterales,Yersiniaceae,Rahnella,,
132,132.1,disagree,Eukaryota,Ascomycota,Saccharomycetes,Saccharomycetales,Debaryomycetaceae,Meyerozyma,,
133,133.1,found,Bacteria,Proteobacteria,Gammaproteobacteria,Enterobacterales,Enterobacteriaceae,,,
134,134.1,found,Bacteria,Firmicutes,Bacilli,Lactobacillales,Streptococcaceae,Lactococcus,Lactococcus lactis,
135,135.1,disagree,Eukaryota,Ascomycota,Saccharomycetes,Saccharomycetales,Debaryomycetaceae,Meyerozyma,,
136,136.1,disagree,Bacteria,Proteobacteria,Gammaproteobacteria,Enterobacterales,Yersiniaceae,Rahnella,,
137,137.1,found,Bacteria,Proteobacteria,Gammaproteobacteria,Enterobacterales,Enterobacteriaceae,Enterobacter,,
138,138.1,found,Bacteria,Proteobacteria,Gammaproteobacteria,Enterobacterales,Enterobacteriaceae,Enterobacter,,
138,138.2,disagree,Bacteria,Proteobacteria,Gammaproteobacteria,Enterobacterales,,,,
138,138.3,found,Bacteria,Proteobacteria,Gammaproteobacteria,Enterobacterales,Yersiniaceae,Rahnella,,
139,139.1,found,Bacteria,Proteobacteria,Gammaproteobacteria,Enterobacterales,Enterobacteriaceae,Enterobacter,,
140,140.1,disagree,Bacteria,Proteobacteria,Gammaproteobacteria,Enterobacterales,Enterobacteriaceae,Raoultella,,
141,141.1,found,Bacteria,Proteobacteria,Gammaproteobacteria,Enterobacterales,Erwiniaceae,Pantoea,Pantoea dispersa,
142,142.1,disagree,Bacteria,Proteobacteria,Alphaproteobacteria,Rhizobiales,Rhizobiaceae,Agrobacterium,,
142,142.2,nomatch,,,,,,,,
143,143.1,disagree,Bacteria,Actinobacteria,Actinobacteria,Micrococcales,Microbacteriaceae,Curtobacterium,,
143,143.2,found,Bacteria,Proteobacteria,Gammaproteobacteria,Enterobacterales,Yersiniaceae,Rahnella,,
144,144.1,found,Bacteria,Proteobacteria,Gammaproteobacteria,Enterobacterales,Enterobacteriaceae,Raoultella,Raoultella terrigena,
144,144.2,nomatch,,,,,,,,
145,145.1,disagree,Bacteria,Proteobacteria,Gammaproteobacteria,Enterobacterales,Enterobacteriaceae,,,
146,146.1,found,Bacteria,Proteobacteria,Alphaproteobacteria,Rhizobiales,Rhizobiaceae,Agrobacterium,Agrobacterium tumciens,
147,147.1,disagree,Bacteria,Proteobacteria,Gammaproteobacteria,Pseudomonadales,Pseudomonadaceae,Pseudomonas,,
148,148.1,disagree,Bacteria,Proteobacteria,Gammaproteobacteria,Enterobacterales,Enterobacteriaceae,Raoultella,,
149,149.1,disagree,Bacteria,Proteobacteria,Gammaproteobacteria,Enterobacterales,Enterobacteriaceae,Raoultella,,
150,150.1,disagree,Bacteria,Proteobacteria,Gammaproteobacteria,Enterobacterales,Yersiniaceae,Rahnella,,
151,151.1,found,Bacteria,Proteobacteria,Gammaproteobacteria,Pseudomonadales,Pseudomonadaceae,Pseudomonas,Pseudomonas sp. URIL14HWK12:I6,
152,152.1,disagree,Bacteria,Proteobacteria,Gammaproteobacteria,Enterobacterales,Enterobacteriaceae,Raoultella,,
153,153.1,found,Bacteria,Proteobacteria,Gammaproteobacteria,Enterobacterales,Enterobacteriaceae,Citrobacter,Citrobacter freundii,
155,155.1,disagree,Bacteria,Proteobacteria,Gammaproteobacteria,Enterobacterales,Enterobacteriaceae,Raoultella,,
155,155.2,found,Bacteria,Proteobacteria,Gammaproteobacteria,Pseudomonadales,Pseudomonadaceae,Pseudomonas,Pseudomonas fluorescens,
156,156.1,disagree,Bacteria,Proteobacteria,Gammaproteobacteria,Enterobacterales,Enterobacteriaceae,Enterobacter,,
157,157.1,found,Bacteria,Proteobacteria,Gammaproteobacteria,Pseudomonadales,Pseudomonadaceae,Pseudomonas,,
158,158.1,found,Bacteria,Proteobacteria,Gammaproteobacteria,Enterobacterales,Enterobacteriaceae,,,
159,159.1,found,Bacteria,Proteobacteria,Gammaproteobacteria,Enterobacterales,Enterobacteriaceae,Enterobacter,,
160,160.1,disagree,Bacteria,Proteobacteria,Gammaproteobacteria,Enterobacterales,Yersiniaceae,Rahnella,,
161,161.1,found,Bacteria,Proteobacteria,Gammaproteobacteria,Enterobacterales,Enterobacteriaceae,Klebsiella,Klebsiella michiganensis,
162,162.1,found,Bacteria,Proteobacteria,Gammaproteobacteria,Enterobacterales,Enterobacteriaceae,,,
163,163.1,found,Bacteria,Proteobacteria,Gammaproteobacteria,Enterobacterales,Yersiniaceae,Serratia,Serratia fonticola,
164,164.1,disagree,Bacteria,Proteobacteria,Gammaproteobacteria,Enterobacterales,Enterobacteriaceae,,,
165,165.1,disagree,Bacteria,Proteobacteria,Gammaproteobacteria,Enterobacterales,Enterobacteriaceae,Raoultella,,
166,166.1,found,Bacteria,Proteobacteria,Gammaproteobacteria,Enterobacterales,Hafniaceae,Hafnia,Hafnia alvei,
167,167.1,found,Bacteria,Proteobacteria,Gammaproteobacteria,Enterobacterales,Enterobacteriaceae,Klebsiella,Klebsiella michiganensis,
169,169.1,disagree,Bacteria,Proteobacteria,Gammaproteobacteria,Xanthomonadales,Xanthomonadaceae,Stenotrophomonas,,
171,171.1,found,Bacteria,Proteobacteria,Gammaproteobacteria,Enterobacterales,Erwiniaceae,Pantoea,Pantoea ananatis,
172,172.1,disagree,Bacteria,Proteobacteria,Gammaproteobacteria,Enterobacterales,Enterobacteriaceae,,,
172,172.2,found,Bacteria,Proteobacteria,Gammaproteobacteria,Enterobacterales,Enterobacteriaceae,Enterobacter,,
173,173.1,found,Bacteria,Proteobacteria,Gammaproteobacteria,Enterobacterales,Enterobacteriaceae,Enterobacter,,
173,173.2,found,Bacteria,Proteobacteria,Gammaproteobacteria,Enterobacterales,Enterobacteriaceae,Raoultella,Raoultella terrigena,
173,173.3,found,Bacteria,Proteobacteria,Gammaproteobacteria,Enterobacterales,Enterobacteriaceae,Raoultella,Raoultella terrigena,
174,174.1,disagree,Eukaryota,Ascomycota,Saccharomycetes,Saccharomycetales,Debaryomycetaceae,Meyerozyma,,
174,174.2,disagree,Bacteria,Proteobacteria,Gammaproteobacteria,Enterobacterales,Yersiniaceae,Rahnella,,
174,174.3,found,Bacteria,Proteobacteria,Gammaproteobacteria,Enterobacterales,Erwiniaceae,Pantoea,Pantoea ananatis,
175,175.1,found,Bacteria,Proteobacteria,Gammaproteobacteria,Enterobacterales,Enterobacteriaceae,Raoultella,Raoultella terrigena,
175,175.2,found,Bacteria,Proteobacteria,Gammaproteobacteria,Enterobacterales,,,,
176,176.1,disagree,Bacteria,Proteobacteria,Gammaproteobacteria,Enterobacterales,Yersiniaceae,Rahnella,,
177,177.1,found,Bacteria,Proteobacteria,Alphaproteobacteria,Rhizobiales,Rhizobiaceae,Agrobacterium,Agrobacterium tumciens,
178,178.1,found,Bacteria,Proteobacteria,Gammaproteobacteria,Enterobacterales,Yersiniaceae,Serratia,Serratia liquciens,
179,179.1,found,Bacteria,unassigned,unassigned,unassigned,unassigned,unassigned,bacteria symbiont BFo1 of Frankliniella occidentalis,
180,180.1,disagree,Bacteria,Proteobacteria,Gammaproteobacteria,Enterobacterales,Enterobacteriaceae,Raoultella,,
180,180.2,found,Bacteria,Proteobacteria,Gammaproteobacteria,Enterobacterales,,,,
181,181.1,disagree,Bacteria,Proteobacteria,Gammaproteobacteria,Enterobacterales,Yersiniaceae,Rahnella,,
182,182.1,disagree,Bacteria,Proteobacteria,Gammaproteobacteria,Enterobacterales,Yersiniaceae,Rahnella,,
183,183.1,disagree,Bacteria,Proteobacteria,Gammaproteobacteria,Enterobacterales,Enterobacteriaceae,,,
184,184.1,disagree,Bacteria,Proteobacteria,Gammaproteobacteria,Enterobacterales,Enterobacteriaceae,,,
185,185.1,disagree,Bacteria,Proteobacteria,Gammaproteobacteria,Enterobacterales,Yersiniaceae,Rahnella,,
186,186.1,found,Bacteria,Proteobacteria,Gammaproteobacteria,Enterobacterales,,,,
187,187.1,disagree,Bacteria,Proteobacteria,Gammaproteobacteria,Enterobacterales,Yersiniaceae,Rahnella,,
189,189.1,found,Bacteria,Proteobacteria,Gammaproteobacteria,Enterobacterales,Enterobacteriaceae,Enterobacter,,
189,189.2,found,Bacteria,Proteobacteria,Gammaproteobacteria,Pseudomonadales,Pseudomonadaceae,Pseudomonas,Pseudomonas sp. CC25,
191,191.1,found,Bacteria,Proteobacteria,Gammaproteobacteria,Enterobacterales,Enterobacteriaceae,Enterobacter,,
192,192.1,found,Bacteria,Proteobacteria,Gammaproteobacteria,Enterobacterales,Enterobacteriaceae,,,
193,193.1,found,Bacteria,Proteobacteria,Gammaproteobacteria,Enterobacterales,Enterobacteriaceae,,,
194,194.1,found,Bacteria,Proteobacteria,Gammaproteobacteria,Enterobacterales,Yersiniaceae,Serratia,Serratia liquciens,
195,195.1,found,Bacteria,Proteobacteria,Gammaproteobacteria,Enterobacterales,Enterobacteriaceae,Raoultella,Raoultella terrigena,
196,196.1,disagree,Bacteria,Proteobacteria,Gammaproteobacteria,Enterobacterales,Enterobacteriaceae,Raoultella,,
197,197.1,disagree,Bacteria,Proteobacteria,Gammaproteobacteria,Pseudomonadales,Pseudomonadaceae,Pseudomonas,,
198,198.1,found,Bacteria,Proteobacteria,Gammaproteobacteria,Enterobacterales,Yersiniaceae,Serratia,Serratia liquciens,
199,199.1,disagree,Bacteria,Proteobacteria,Gammaproteobacteria,Enterobacterales,Yersiniaceae,Rahnella,,
200,200.1,found,Bacteria,Proteobacteria,Gammaproteobacteria,Enterobacterales,Erwiniaceae,Pantoea,Pantoea dispersa,
201,201.1,disagree,Bacteria,Actinobacteria,Actinobacteria,Micrococcales,Microbacteriaceae,Curtobacterium,,
202,202.1,disagree,Bacteria,Proteobacteria,Gammaproteobacteria,Enterobacterales,Yersiniaceae,Rahnella,,
203,203.1,disagree,Bacteria,Proteobacteria,Gammaproteobacteria,Enterobacterales,Enterobacteriaceae,,,
204,204.1,disagree,Bacteria,Proteobacteria,Gammaproteobacteria,Enterobacterales,Yersiniaceae,Rahnella,,
205,205.1,found,Bacteria,Proteobacteria,Gammaproteobacteria,Enterobacterales,Enterobacteriaceae,,,
206,206.1,disagree,Bacteria,Proteobacteria,Gammaproteobacteria,Pseudomonadales,Pseudomonadaceae,Pseudomonas,,
208,208.1,disagree,Bacteria,Proteobacteria,Gammaproteobacteria,Enterobacterales,Yersiniaceae,Rahnella,,
209,209.1,found,Bacteria,Proteobacteria,Alphaproteobacteria,Rhizobiales,Rhizobiaceae,Agrobacterium,Agrobacterium tumciens,
210,210.1,disagree,Bacteria,Proteobacteria,Gammaproteobacteria,Enterobacterales,Yersiniaceae,Rahnella,,
211,211.1,found,Bacteria,Proteobacteria,Gammaproteobacteria,Enterobacterales,Enterobacteriaceae,Enterobacter,,
213,213.1,found,Bacteria,unassigned,unassigned,unassigned,unassigned,unassigned,bacteria symbiont BFo1 of Frankliniella occidentalis,
215,215.1,disagree,Bacteria,Proteobacteria,Gammaproteobacteria,Enterobacterales,Yersiniaceae,Rahnella,,
216,216.1,disagree,Bacteria,Proteobacteria,Gammaproteobacteria,Enterobacterales,Enterobacteriaceae,Raoultella,,
217,217.1,found,Bacteria,Proteobacteria,Gammaproteobacteria,Enterobacterales,Erwiniaceae,Pantoea,Pantoea ananatis,
218,218.1,disagree,Bacteria,Proteobacteria,Gammaproteobacteria,Enterobacterales,Yersiniaceae,Rahnella,,
219,219.1,found,Bacteria,Proteobacteria,Gammaproteobacteria,Enterobacterales,Enterobacteriaceae,Raoultella,Raoultella terrigena,
219,219.2,found,Bacteria,Proteobacteria,Gammaproteobacteria,Enterobacterales,,,,
220,220.1,found,Bacteria,Proteobacteria,Gammaproteobacteria,Pseudomonadales,Pseudomonadaceae,Pseudomonas,,
222,222.1,disagree,Bacteria,Proteobacteria,Gammaproteobacteria,Enterobacterales,Yersiniaceae,Rahnella,,
223,223.1,disagree,Bacteria,Proteobacteria,Gammaproteobacteria,Enterobacterales,Yersiniaceae,Rahnella,,
224,224.1,found,Bacteria,Proteobacteria,Gammaproteobacteria,Enterobacterales,Enterobacteriaceae,Enterobacter,,
225,225.1,found,Bacteria,Proteobacteria,Gammaproteobacteria,Enterobacterales,Enterobacteriaceae,Enterobacter,Enterobacter asburiae,
226,226.1,disagree,Bacteria,Proteobacteria,Gammaproteobacteria,Enterobacterales,Yersiniaceae,Rahnella,,
227,227.1,disagree,Bacteria,Proteobacteria,Gammaproteobacteria,Pseudomonadales,Pseudomonadaceae,Pseudomonas,,
227,227.2,found,Bacteria,Proteobacteria,Gammaproteobacteria,Enterobacterales,Enterobacteriaceae,,,
228,228.1,found,Bacteria,Proteobacteria,Gammaproteobacteria,Enterobacterales,Enterobacteriaceae,,,
228,228.2,found,Bacteria,Proteobacteria,Gammaproteobacteria,Enterobacterales,Enterobacteriaceae,,,
229,229.1,found,Bacteria,Proteobacteria,Gammaproteobacteria,Enterobacterales,Enterobacteriaceae,Enterobacter,,
230,230.1,disagree,Bacteria,Proteobacteria,Gammaproteobacteria,Enterobacterales,Enterobacteriaceae,Raoultella,,
232,232.1,found,Bacteria,Proteobacteria,Gammaproteobacteria,Enterobacterales,Enterobacteriaceae,Citrobacter,Citrobacter freundii,
233,233.1,found,Bacteria,Proteobacteria,Gammaproteobacteria,Enterobacterales,Enterobacteriaceae,Enterobacter,,
234,234.1,disagree,Bacteria,Proteobacteria,Gammaproteobacteria,Enterobacterales,Yersiniaceae,Rahnella,,
235,235.1,disagree,Bacteria,Proteobacteria,Gammaproteobacteria,Enterobacterales,Enterobacteriaceae,,,
236,236.1,disagree,Bacteria,Proteobacteria,Gammaproteobacteria,Enterobacterales,Enterobacteriaceae,Raoultella,,
237,237.1,disagree,Bacteria,Proteobacteria,Gammaproteobacteria,Enterobacterales,Enterobacteriaceae,Raoultella,,
238,238.1,disagree,Bacteria,Proteobacteria,Gammaproteobacteria,Enterobacterales,Yersiniaceae,Rahnella,,
239,239.1,found,Bacteria,Proteobacteria,Gammaproteobacteria,Enterobacterales,Enterobacteriaceae,Raoultella,Raoultella terrigena,
240,240.1,found,Bacteria,Proteobacteria,Gammaproteobacteria,Xanthomonadales,Xanthomonadaceae,Stenotrophomonas,Stenotrophomonas maltophilia,
241,241.1,disagree,Bacteria,Proteobacteria,Gammaproteobacteria,Pseudomonadales,Pseudomonadaceae,Pseudomonas,,
242,242.1,found,Bacteria,Proteobacteria,Alphaproteobacteria,Rhizobiales,Rhizobiaceae,Agrobacterium,Agrobacterium tumciens,
243,243.1,disagree,Bacteria,Proteobacteria,Gammaproteobacteria,Enterobacterales,Yersiniaceae,Rahnella,,
244,244.1,found,Bacteria,Proteobacteria,Gammaproteobacteria,Enterobacterales,Enterobacteriaceae,,,
245,245.1,found,Bacteria,unassigned,unassigned,unassigned,unassigned,unassigned,bacteria symbiont BFo1 of Frankliniella occidentalis,
247,247.1,disagree,Bacteria,Proteobacteria,Gammaproteobacteria,Enterobacterales,Enterobacteriaceae,Raoultella,,
248,248.1,found,Bacteria,Proteobacteria,Gammaproteobacteria,Enterobacterales,Enterobacteriaceae,Enterobacter,,
249,249.1,disagree,Bacteria,Proteobacteria,Gammaproteobacteria,Pseudomonadales,Pseudomonadaceae,Pseudomonas,,
250,250.1,found,Bacteria,Firmicutes,Bacilli,Lactobacillales,Enterococcaceae,Enterococcus,Enterococcus casseliflavus,
250,250.2,found,Bacteria,Firmicutes,Bacilli,Lactobacillales,Enterococcaceae,Enterococcus,Enterococcus casseliflavus,
250,250.3,found,Bacteria,Firmicutes,Bacilli,Lactobacillales,Enterococcaceae,Enterococcus,,
251,251.1,disagree,Bacteria,Proteobacteria,Gammaproteobacteria,Enterobacterales,Yersiniaceae,,,
252,252.1,found,Bacteria,Proteobacteria,Gammaproteobacteria,Enterobacterales,Yersiniaceae,Serratia,Serratia liquciens,
253,253.1,disagree,Bacteria,Proteobacteria,Gammaproteobacteria,Enterobacterales,Enterobacteriaceae,Raoultella,,
254,254.1,found,Bacteria,Proteobacteria,Gammaproteobacteria,Enterobacterales,Erwiniaceae,Pantoea,Pantoea ananatis,
255,255.1,found,Bacteria,Proteobacteria,Gammaproteobacteria,Enterobacterales,Hafniaceae,Hafnia,Hafnia alvei,
256,256.1,disagree,Bacteria,Proteobacteria,Gammaproteobacteria,Pseudomonadales,Pseudomonadaceae,Pseudomonas,,
257,257.1,found,Bacteria,Proteobacteria,Gammaproteobacteria,Enterobacterales,Enterobacteriaceae,,,
259,259.1,disagree,Bacteria,Proteobacteria,Gammaproteobacteria,Enterobacterales,Yersiniaceae,Rahnella,,
260-1,260-1.1,disagree,Bacteria,Proteobacteria,Gammaproteobacteria,Enterobacterales,Enterobacteriaceae,Raoultella,,
260-2,260-2.1,found,Bacteria,Proteobacteria,Gammaproteobacteria,Enterobacterales,Erwiniaceae,Pantoea,Pantoea ananatis,
261,261.1,disagree,Bacteria,Proteobacteria,Gammaproteobacteria,Enterobacterales,Yersiniaceae,Rahnella,,
263,263.1,disagree,Bacteria,Proteobacteria,Gammaproteobacteria,Enterobacterales,Yersiniaceae,Rahnella,,
264,264.1,found,Bacteria,Proteobacteria,Gammaproteobacteria,Enterobacterales,Yersiniaceae,Serratia,Serratia liquciens,
265,265.1,disagree,Bacteria,Proteobacteria,Gammaproteobacteria,Enterobacterales,Enterobacteriaceae,Raoultella,,
266,266.1,found,Bacteria,Proteobacteria,Gammaproteobacteria,Enterobacterales,Enterobacteriaceae,Enterobacter,,
268,268.1,disagree,Bacteria,Proteobacteria,Gammaproteobacteria,Enterobacterales,Yersiniaceae,Rahnella,,
269,269.1,found,Bacteria,Proteobacteria,Gammaproteobacteria,Enterobacterales,Enterobacteriaceae,,,
270,270.1,found,Bacteria,Proteobacteria,Gammaproteobacteria,Enterobacterales,Enterobacteriaceae,Klebsiella,,
271,271.1,disagree,Bacteria,Proteobacteria,Gammaproteobacteria,Enterobacterales,Yersiniaceae,Rahnella,,
272,272.1,disagree,Bacteria,Proteobacteria,Gammaproteobacteria,Enterobacterales,Enterobacteriaceae,,,
274,274.1,disagree,Bacteria,Proteobacteria,Gammaproteobacteria,Enterobacterales,Yersiniaceae,Rahnella,,
275,275.1,disagree,Bacteria,Proteobacteria,Gammaproteobacteria,Enterobacterales,Enterobacteriaceae,Raoultella,,
276,276.1,disagree,Bacteria,Proteobacteria,Gammaproteobacteria,Enterobacterales,Enterobacteriaceae,Raoultella,,
277,277.1,disagree,Bacteria,Proteobacteria,Gammaproteobacteria,Enterobacterales,Yersiniaceae,Rahnella,,
278,278.1,found,Bacteria,Proteobacteria,Gammaproteobacteria,Enterobacterales,Enterobacteriaceae,Enterobacter,,
279,279.1,disagree,Bacteria,Proteobacteria,Gammaproteobacteria,Enterobacterales,Enterobacteriaceae,,,
280,280.1,found,Bacteria,Proteobacteria,Gammaproteobacteria,Enterobacterales,Erwiniaceae,Pantoea,Pantoea dispersa,
281,281.1,disagree,Bacteria,Proteobacteria,Gammaproteobacteria,Enterobacterales,Enterobacteriaceae,Raoultella,,
282,282.1,disagree,Bacteria,Proteobacteria,Gammaproteobacteria,Enterobacterales,Enterobacteriaceae,Enterobacter,,
283,283.1,disagree,Bacteria,Proteobacteria,Gammaproteobacteria,Enterobacterales,Enterobacteriaceae,Raoultella,,
284,284.1,found,Bacteria,Proteobacteria,Gammaproteobacteria,Enterobacterales,Enterobacteriaceae,Enterobacter,,
287,287.1,disagree,Bacteria,Proteobacteria,Gammaproteobacteria,Enterobacterales,Yersiniaceae,Rahnella,,
288,288.1,disagree,Bacteria,Proteobacteria,Gammaproteobacteria,Pseudomonadales,Pseudomonadaceae,Pseudomonas,,
289,289.1,found,Bacteria,Proteobacteria,Gammaproteobacteria,Enterobacterales,Enterobacteriaceae,,,
290,290.1,disagree,Bacteria,Proteobacteria,Gammaproteobacteria,Enterobacterales,Enterobacteriaceae,Raoultella,,
292,292.1,found,Bacteria,Proteobacteria,Gammaproteobacteria,Enterobacterales,Yersiniaceae,Serratia,Serratia liquciens,
294,294.1,disagree,Bacteria,Proteobacteria,Gammaproteobacteria,Enterobacterales,Enterobacteriaceae,Raoultella,,
295,295.1,found,Bacteria,Proteobacteria,Gammaproteobacteria,Enterobacterales,Enterobacteriaceae,Citrobacter,Citrobacter freundii,
296,296.1,disagree,Bacteria,Proteobacteria,Gammaproteobacteria,Enterobacterales,Enterobacteriaceae,Raoultella,,
297,297.1,found,Bacteria,Proteobacteria,Gammaproteobacteria,Enterobacterales,Enterobacteriaceae,Raoultella,Raoultella terrigena,
298,298.1,disagree,Bacteria,Proteobacteria,Gammaproteobacteria,Enterobacterales,Enterobacteriaceae,Raoultella,,
299,299.1,found,Bacteria,Proteobacteria,Gammaproteobacteria,Enterobacterales,Enterobacteriaceae,Citrobacter,Citrobacter freundii,
300,300.1,disagree,Bacteria,Proteobacteria,Gammaproteobacteria,Enterobacterales,Enterobacteriaceae,,,
301,301.1,disagree,Bacteria,Proteobacteria,Gammaproteobacteria,Enterobacterales,Enterobacteriaceae,Raoultella,,
301,301.2,found,Bacteria,Proteobacteria,Gammaproteobacteria,Enterobacterales,Enterobacteriaceae,Raoultella,Raoultella terrigena,
301,301.3,nomatch,,,,,,,,
302,302.1,found,Bacteria,Proteobacteria,Gammaproteobacteria,Enterobacterales,Yersiniaceae,Serratia,Serratia liquciens,
303,303.1,disagree,Bacteria,Proteobacteria,Gammaproteobacteria,Pseudomonadales,Pseudomonadaceae,Pseudomonas,,
304,304.1,found,Bacteria,Proteobacteria,Gammaproteobacteria,Enterobacterales,Enterobacteriaceae,,,
304,304.2,found,Bacteria,Proteobacteria,Gammaproteobacteria,Enterobacterales,Enterobacteriaceae,,,
305,305.1,disagree,Bacteria,Proteobacteria,Gammaproteobacteria,Enterobacterales,Yersiniaceae,Rahnella,,
306,306.1,found,Bacteria,Proteobacteria,Gammaproteobacteria,Enterobacterales,Enterobacteriaceae,Raoultella,Raoultella terrigena,
307,307.1,disagree,Bacteria,Proteobacteria,Gammaproteobacteria,Enterobacterales,Yersiniaceae,Rahnella,,
308,308.1,found,Bacteria,Proteobacteria,Gammaproteobacteria,Enterobacterales,Enterobacteriaceae,,,
310,310.1,disagree,Bacteria,Proteobacteria,Gammaproteobacteria,Enterobacterales,Enterobacteriaceae,,,
311,311.1,disagree,Bacteria,Proteobacteria,Gammaproteobacteria,Enterobacterales,,,,
312,312.1,disagree,Bacteria,Proteobacteria,Alphaproteobacteria,Rhizobiales,Rhizobiaceae,Agrobacterium,,
313,313.1,disagree,Bacteria,Proteobacteria,Gammaproteobacteria,Enterobacterales,Enterobacteriaceae,Raoultella,,
314,314.1,disagree,Bacteria,Proteobacteria,Gammaproteobacteria,Enterobacterales,Enterobacteriaceae,Raoultella,,
314,314.2,nomatch,,,,,,,,
316,316.1,found,Bacteria,Proteobacteria,Alphaproteobacteria,Rhizobiales,Rhizobiaceae,Agrobacterium,Agrobacterium tumciens,
318,318.1,disagree,Bacteria,Proteobacteria,Gammaproteobacteria,Enterobacterales,Enterobacteriaceae,,,
320,320.1,disagree,Bacteria,Proteobacteria,Gammaproteobacteria,Enterobacterales,Yersiniaceae,Rahnella,,
321,321.1,found,Bacteria,Proteobacteria,Gammaproteobacteria,Enterobacterales,Enterobacteriaceae,Citrobacter,Citrobacter freundii,
321,321.2,found,Bacteria,Firmicutes,Bacilli,Lactobacillales,Streptococcaceae,Lactococcus,Lactococcus lactis,
322,322.1,disagree,Bacteria,Proteobacteria,Gammaproteobacteria,Enterobacterales,Yersiniaceae,Rahnella,,
323,323.1,disagree,Bacteria,Proteobacteria,Gammaproteobacteria,Enterobacterales,Yersiniaceae,Rahnella,,
324,324.1,found,Bacteria,Proteobacteria,Gammaproteobacteria,Enterobacterales,Enterobacteriaceae,,,
325,325.1,disagree,Bacteria,Proteobacteria,Gammaproteobacteria,Enterobacterales,Yersiniaceae,Rahnella,,
326,326.1,found,Bacteria,Proteobacteria,Gammaproteobacteria,Enterobacterales,Enterobacteriaceae,Enterobacter,,
326,326.2,found,Bacteria,Proteobacteria,Gammaproteobacteria,Enterobacterales,Enterobacteriaceae,Enterobacter,,
327,327.1,disagree,Bacteria,Proteobacteria,Gammaproteobacteria,Enterobacterales,Yersiniaceae,Rahnella,,
328,328.1,found,Bacteria,Proteobacteria,Gammaproteobacteria,Enterobacterales,Enterobacteriaceae,Klebsiella,Klebsiella michiganensis,
330,330.1,disagree,Bacteria,Proteobacteria,Gammaproteobacteria,Xanthomonadales,Xanthomonadaceae,Stenotrophomonas,,
331,331.1,found,Bacteria,Proteobacteria,Gammaproteobacteria,Enterobacterales,Enterobacteriaceae,Enterobacter,Enterobacter cloacae,
332,332.1,disagree,Bacteria,Proteobacteria,Gammaproteobacteria,Enterobacterales,Enterobacteriaceae,Raoultella,,
333,333.1,disagree,Bacteria,Proteobacteria,Gammaproteobacteria,Enterobacterales,Enterobacteriaceae,,,
334,334.1,disagree,Bacteria,Proteobacteria,Gammaproteobacteria,Enterobacterales,Yersiniaceae,,,
335,335.1,disagree,Bacteria,Proteobacteria,Gammaproteobacteria,Enterobacterales,Yersiniaceae,Rahnella,,
336,336.1,found,Bacteria,Proteobacteria,Gammaproteobacteria,Xanthomonadales,Xanthomonadaceae,Stenotrophomonas,Stenotrophomonas maltophilia,
337,337.1,disagree,Bacteria,Proteobacteria,Gammaproteobacteria,Enterobacterales,Enterobacteriaceae,Raoultella,,
338,338.1,disagree,Bacteria,Proteobacteria,Gammaproteobacteria,Enterobacterales,Yersiniaceae,Rahnella,,
339,339.1,disagree,Bacteria,Proteobacteria,Gammaproteobacteria,Enterobacterales,Enterobacteriaceae,Raoultella,,
340,340.1,disagree,Bacteria,Actinobacteria,Actinobacteria,Micrococcales,Microbacteriaceae,Curtobacterium,,
341,341.1,found,Bacteria,Proteobacteria,Gammaproteobacteria,Enterobacterales,Yersiniaceae,Serratia,Serratia liquciens,
342,342.1,found,Bacteria,Proteobacteria,Gammaproteobacteria,Enterobacterales,Enterobacteriaceae,Citrobacter,Citrobacter freundii,
344,344.1,disagree,Eukaryota,Ascomycota,Saccharomycetes,Saccharomycetales,Debaryomycetaceae,Meyerozyma,,
345,345.1,disagree,Bacteria,Proteobacteria,Gammaproteobacteria,Enterobacterales,Enterobacteriaceae,,,
346,346.1,disagree,Bacteria,Proteobacteria,Gammaproteobacteria,Enterobacterales,Yersiniaceae,Rahnella,,
346,346.2,found,Bacteria,Firmicutes,Bacilli,Lactobacillales,Streptococcaceae,Lactococcus,Lactococcus lactis,
347,347.1,found,Bacteria,Proteobacteria,Gammaproteobacteria,Enterobacterales,Erwiniaceae,Pantoea,Pantoea ananatis,
348,348.1,disagree,Bacteria,Proteobacteria,Gammaproteobacteria,Enterobacterales,Yersiniaceae,Rahnella,,
348,348.2,found,Bacteria,Firmicutes,Bacilli,Lactobacillales,Streptococcaceae,Lactococcus,Lactococcus lactis,
349,349.1,disagree,Bacteria,Proteobacteria,Gammaproteobacteria,Enterobacterales,Enterobacteriaceae,Raoultella,,
350,350.1,disagree,Bacteria,Proteobacteria,Gammaproteobacteria,Pseudomonadales,Pseudomonadaceae,Pseudomonas,,
352,352.1,disagree,Bacteria,Proteobacteria,Betaproteobacteria,Burkholderiales,Oxalobacteraceae,Herbaspirillum,,
353,353.1,disagree,Bacteria,Proteobacteria,Gammaproteobacteria,Pseudomonadales,Pseudomonadaceae,Pseudomonas,,
354,354.1,disagree,Bacteria,Proteobacteria,Gammaproteobacteria,Enterobacterales,Enterobacteriaceae,Raoultella,,
354,354.2,found,Bacteria,Proteobacteria,Gammaproteobacteria,Enterobacterales,Enterobacteriaceae,,,
355,355.1,found,Bacteria,Proteobacteria,Gammaproteobacteria,Enterobacterales,Enterobacteriaceae,Klebsiella,Klebsiella michiganensis,
356,356.1,found,Bacteria,Proteobacteria,Gammaproteobacteria,Enterobacterales,Enterobacteriaceae,,,
357,357.1,found,Bacteria,Proteobacteria,Gammaproteobacteria,Xanthomonadales,Xanthomonadaceae,Stenotrophomonas,Stenotrophomonas maltophilia,
358,358.1,found,Bacteria,Proteobacteria,Gammaproteobacteria,Enterobacterales,Enterobacteriaceae,Enterobacter,,
359,359.1,disagree,Bacteria,Proteobacteria,Gammaproteobacteria,Enterobacterales,Enterobacteriaceae,,,
360,360.1,disagree,Bacteria,Proteobacteria,Gammaproteobacteria,Enterobacterales,Yersiniaceae,Rahnella,,
361,361.1,disagree,Bacteria,Proteobacteria,Gammaproteobacteria,Enterobacterales,Enterobacteriaceae,Raoultella,,
362,362.1,disagree,Bacteria,Proteobacteria,Gammaproteobacteria,Enterobacterales,Yersiniaceae,Rahnella,,
363,363.1,found,Bacteria,Proteobacteria,Gammaproteobacteria,Enterobacterales,Enterobacteriaceae,Klebsiella,Klebsiella michiganensis,
364,364.1,found,Bacteria,Proteobacteria,Gammaproteobacteria,Enterobacterales,Enterobacteriaceae,Klebsiella,Klebsiella michiganensis,
365,365.1,disagree,Bacteria,Proteobacteria,Gammaproteobacteria,Pseudomonadales,Pseudomonadaceae,Pseudomonas,,
366,366.1,found,Bacteria,Proteobacteria,Gammaproteobacteria,Enterobacterales,Enterobacteriaceae,,,
367,367.1,found,Bacteria,Proteobacteria,Alphaproteobacteria,Rhizobiales,Rhizobiaceae,Agrobacterium,Agrobacterium tumciens,
368,368.1,disagree,Bacteria,Proteobacteria,Gammaproteobacteria,Enterobacterales,Yersiniaceae,,,
369,369.1,disagree,Bacteria,Proteobacteria,Gammaproteobacteria,Enterobacterales,Yersiniaceae,Rahnella,,
370,370.1,found,Bacteria,Proteobacteria,Gammaproteobacteria,Enterobacterales,Yersiniaceae,Serratia,Serratia fonticola,
371,371.1,found,Bacteria,Proteobacteria,Gammaproteobacteria,Enterobacterales,Enterobacteriaceae,,,
372,372.1,found,Bacteria,Proteobacteria,Gammaproteobacteria,Enterobacterales,Enterobacteriaceae,,,
372,372.2,disagree,Bacteria,Proteobacteria,Gammaproteobacteria,Enterobacterales,Yersiniaceae,Rahnella,,
372,372.3,nomatch,,,,,,,,
374,374.1,disagree,Bacteria,Proteobacteria,Gammaproteobacteria,Enterobacterales,Enterobacteriaceae,Raoultella,,
375,375.1,disagree,Bacteria,Proteobacteria,Gammaproteobacteria,Pseudomonadales,Pseudomonadaceae,Pseudomonas,,
376,376.1,disagree,Bacteria,Proteobacteria,Gammaproteobacteria,Enterobacterales,Enterobacteriaceae,Enterobacter,,
377,377.1,found,Bacteria,Proteobacteria,Gammaproteobacteria,Enterobacterales,Enterobacteriaceae,Klebsiella,Klebsiella michiganensis,
378,378.1,found,Bacteria,Proteobacteria,Gammaproteobacteria,Enterobacterales,Enterobacteriaceae,Enterobacter,,
380,380.1,disagree,Bacteria,Proteobacteria,Gammaproteobacteria,Pseudomonadales,Pseudomonadaceae,Pseudomonas,,
381,381.1,disagree,Bacteria,Proteobacteria,Gammaproteobacteria,Enterobacterales,Enterobacteriaceae,,,
382,382.1,found,Bacteria,Proteobacteria,Gammaproteobacteria,Enterobacterales,Yersiniaceae,Serratia,Serratia fonticola,
383,383.1,disagree,Bacteria,Proteobacteria,Gammaproteobacteria,Xanthomonadales,Xanthomonadaceae,Stenotrophomonas,,
384,384.1,disagree,Bacteria,Proteobacteria,Gammaproteobacteria,Pseudomonadales,Pseudomonadaceae,Pseudomonas,,
384,384.2,found,Bacteria,Proteobacteria,Gammaproteobacteria,Enterobacterales,Yersiniaceae,Serratia,Serratia fonticola,
385,385.1,found,Bacteria,Proteobacteria,Gammaproteobacteria,Enterobacterales,Enterobacteriaceae,,,
385,385.2,nomatch,,,,,,,,
386,386.1,disagree,Bacteria,Proteobacteria,Gammaproteobacteria,Enterobacterales,Enterobacteriaceae,Raoultella,,
387,387.1,disagree,Bacteria,Proteobacteria,Gammaproteobacteria,Pseudomonadales,Pseudomonadaceae,Pseudomonas,,
388,388.1,found,Bacteria,Proteobacteria,Gammaproteobacteria,Enterobacterales,Yersiniaceae,Serratia,Serratia fonticola,
389,389.1,found,Bacteria,unassigned,unassigned,unassigned,unassigned,unassigned,bacteria symbiont BFo1 of Frankliniella occidentalis,
390,390.1,found,Bacteria,Proteobacteria,Gammaproteobacteria,Enterobacterales,Enterobacteriaceae,Raoultella,Raoultella terrigena,
391,391.1,found,Bacteria,Proteobacteria,Gammaproteobacteria,Enterobacterales,Enterobacteriaceae,Raoultella,Raoultella terrigena,
391,391.2,found,Bacteria,Proteobacteria,Gammaproteobacteria,Enterobacterales,Enterobacteriaceae,,,
391,391.3,found,Bacteria,Proteobacteria,Gammaproteobacteria,Enterobacterales,,,,
392,392.1,disagree,Bacteria,Proteobacteria,Gammaproteobacteria,Pseudomonadales,Pseudomonadaceae,Pseudomonas,,
393,393.1,disagree,Bacteria,Proteobacteria,Gammaproteobacteria,Enterobacterales,Yersiniaceae,Rahnella,,
394,394.1,found,Bacteria,Proteobacteria,Gammaproteobacteria,Enterobacterales,Enterobacteriaceae,Raoultella,Raoultella terrigena,
395,395.1,found,Bacteria,Proteobacteria,Alphaproteobacteria,Rhizobiales,Rhizobiaceae,Agrobacterium,Agrobacterium tumciens,
396,396.1,found,Bacteria,Proteobacteria,Gammaproteobacteria,Enterobacterales,Enterobacteriaceae,,,
398,398.1,found,Bacteria,Proteobacteria,Gammaproteobacteria,Enterobacterales,Yersiniaceae,Serratia,Serratia fonticola,
399,399.1,disagree,Bacteria,Proteobacteria,Gammaproteobacteria,Enterobacterales,,,,
400,400.1,found,Bacteria,Proteobacteria,Gammaproteobacteria,Enterobacterales,Enterobacteriaceae,,,
401,401.1,found,Bacteria,Proteobacteria,Gammaproteobacteria,Enterobacterales,Yersiniaceae,Serratia,Serratia liquciens,
402,402.1,disagree,Bacteria,Proteobacteria,Gammaproteobacteria,Enterobacterales,Yersiniaceae,Rahnella,,
403,403.1,disagree,Bacteria,Proteobacteria,Gammaproteobacteria,Enterobacterales,Yersiniaceae,Rahnella,,
404,404.1,disagree,Bacteria,Proteobacteria,Gammaproteobacteria,Enterobacterales,Yersiniaceae,Rahnella,,
405,405.1,disagree,Bacteria,Proteobacteria,Gammaproteobacteria,Enterobacterales,Enterobacteriaceae,,,
405,405.2,found,Bacteria,Proteobacteria,Gammaproteobacteria,Enterobacterales,Enterobacteriaceae,,,
405,405.3,found,Bacteria,unassigned,unassigned,unassigned,unassigned,unassigned,bacteria symbiont BFo1 of Frankliniella occidentalis,
406,406.1,disagree,Bacteria,Proteobacteria,Gammaproteobacteria,Enterobacterales,Enterobacteriaceae,Enterobacter,,
407,407.1,found,Bacteria,Firmicutes,Bacilli,Lactobacillales,Streptococcaceae,Lactococcus,Lactococcus lactis,
408,408.1,disagree,Bacteria,Proteobacteria,Gammaproteobacteria,Enterobacterales,Enterobacteriaceae,,,
408,408.2,found,Bacteria,Proteobacteria,Gammaproteobacteria,Enterobacterales,Enterobacteriaceae,Enterobacter,,
409,409.1,found,Bacteria,Proteobacteria,Gammaproteobacteria,Pseudomonadales,Pseudomonadaceae,Pseudomonas,,
410,410.1,found,Bacteria,Proteobacteria,Gammaproteobacteria,Enterobacterales,Enterobacteriaceae,Raoultella,Raoultella terrigena,
411,411.1,disagree,Bacteria,Proteobacteria,Gammaproteobacteria,Pseudomonadales,Pseudomonadaceae,Pseudomonas,,
412,412.1,disagree,Bacteria,Proteobacteria,Gammaproteobacteria,Enterobacterales,Enterobacteriaceae,Raoultella,,
413,413.1,disagree,Bacteria,Proteobacteria,Gammaproteobacteria,Enterobacterales,Enterobacteriaceae,,,
414,414.1,disagree,Bacteria,Proteobacteria,Gammaproteobacteria,Enterobacterales,Yersiniaceae,Rahnella,,
415,415.1,disagree,Bacteria,Proteobacteria,Gammaproteobacteria,Pseudomonadales,Pseudomonadaceae,Pseudomonas,,
418,418.1,disagree,Bacteria,Proteobacteria,Gammaproteobacteria,Xanthomonadales,Xanthomonadaceae,Stenotrophomonas,,
419,419.1,disagree,Bacteria,Proteobacteria,Gammaproteobacteria,Enterobacterales,Enterobacteriaceae,,,
420,420.1,disagree,Bacteria,Proteobacteria,Gammaproteobacteria,Enterobacterales,Enterobacteriaceae,,,
421,421.1,found,Bacteria,Proteobacteria,Gammaproteobacteria,Enterobacterales,Enterobacteriaceae,Klebsiella,,
424,424.1,found,Bacteria,Proteobacteria,Gammaproteobacteria,Enterobacterales,Enterobacteriaceae,Raoultella,Raoultella terrigena,
424,424.2,found,Bacteria,Proteobacteria,Gammaproteobacteria,Enterobacterales,,,,
425,425.1,disagree,Eukaryota,Ascomycota,Saccharomycetes,Saccharomycetales,Debaryomycetaceae,Meyerozyma,,
BCW_200001,BCW_200001.1,found,Bacteria,Proteobacteria,Betaproteobacteria,Burkholderiales,Comamonadaceae,Acidovorax,Acidovorax wautersii,
BCW_200002,BCW_200002.1,found,Bacteria,Proteobacteria,Gammaproteobacteria,Pseudomonadales,Moraxellaceae,Acinetobacter,,
BCW_200003,BCW_200003.1,disagree,Bacteria,Proteobacteria,Gammaproteobacteria,Enterobacterales,Enterobacteriaceae,,,
BCW_200004,BCW_200004.1,disagree,Bacteria,Proteobacteria,Gammaproteobacteria,Enterobacterales,Enterobacteriaceae,Enterobacter,,
BCW_200004,BCW_200004.2,nomatch,,,,,,,,
BCW_200005,BCW_200005.1,disagree,Bacteria,Proteobacteria,Gammaproteobacteria,Enterobacterales,Enterobacteriaceae,Enterobacter,,
BCW_200005,BCW_200005.2,nomatch,,,,,,,,
BCW_200006,BCW_200006.1,disagree,Bacteria,Proteobacteria,Gammaproteobacteria,Enterobacterales,Enterobacteriaceae,Enterobacter,,
BCW_200006,BCW_200006.2,nomatch,,,,,,,,
BCW_200007,BCW_200007.1,disagree,Bacteria,Proteobacteria,Gammaproteobacteria,Enterobacterales,Enterobacteriaceae,Enterobacter,,
BCW_200007,BCW_200007.2,nomatch,,,,,,,,
BCW_200008,BCW_200008.1,found,Bacteria,Proteobacteria,Gammaproteobacteria,Pseudomonadales,Moraxellaceae,Acinetobacter,,
BCW_200009,BCW_200009.1,found,Bacteria,Proteobacteria,Gammaproteobacteria,Enterobacterales,Enterobacteriaceae,Enterobacter,Enterobacter asburiae,
BCW_200010,BCW_200010.1,disagree,Bacteria,Proteobacteria,Gammaproteobacteria,Pseudomonadales,Pseudomonadaceae,Pseudomonas,,
BCW_200010,BCW_200010.2,found,Bacteria,Firmicutes,Bacilli,Lactobacillales,Streptococcaceae,Lactococcus,Lactococcus lactis,
BCW_200011,BCW_200011.1,found,Bacteria,Proteobacteria,Betaproteobacteria,Burkholderiales,Comamonadaceae,Acidovorax,Acidovorax wautersii,
BCW_200012,BCW_200012.1,found,Bacteria,Proteobacteria,Gammaproteobacteria,Enterobacterales,Enterobacteriaceae,Enterobacter,Enterobacter sp. UCD-UG_FMILLET,
BCW_200013,BCW_200013.1,found,Bacteria,Proteobacteria,Gammaproteobacteria,Enterobacterales,Enterobacteriaceae,Enterobacter,Enterobacter sp. UCD-UG_FMILLET,
BCW_200014,BCW_200014.1,disagree,Bacteria,Proteobacteria,Gammaproteobacteria,Enterobacterales,Enterobacteriaceae,Enterobacter,,
BCW_200015,BCW_200015.1,found,Bacteria,Proteobacteria,Gammaproteobacteria,Enterobacterales,Enterobacteriaceae,Enterobacter,Enterobacter sp. UCD-UG_FMILLET,
BCW_200016,BCW_200016.1,disagree,Bacteria,Proteobacteria,Gammaproteobacteria,Enterobacterales,Enterobacteriaceae,Enterobacter,,
BCW_200017,BCW_200017.1,disagree,Bacteria,Proteobacteria,Gammaproteobacteria,Enterobacterales,Enterobacteriaceae,Enterobacter,,
BCW_200018,BCW_200018.1,disagree,Bacteria,Proteobacteria,Gammaproteobacteria,Enterobacterales,Enterobacteriaceae,Enterobacter,,
BCW_200019,BCW_200019.1,found,Bacteria,Proteobacteria,Gammaproteobacteria,Enterobacterales,Enterobacteriaceae,Enterobacter,Enterobacter sp. UCD-UG_FMILLET,
BCW_200019,BCW_200019.2,found,Bacteria,Firmicutes,Bacilli,Lactobacillales,Streptococcaceae,Lactococcus,Lactococcus lactis,
BCW_200020,BCW_200020.1,found,Bacteria,Proteobacteria,Gammaproteobacteria,Enterobacterales,Enterobacteriaceae,Enterobacter,Enterobacter sp. UCD-UG_FMILLET,
BCW_200020,BCW_200020.2,found,Bacteria,Proteobacteria,Gammaproteobacteria,Pseudomonadales,Moraxellaceae,Acinetobacter,,
BCW_200021,BCW_200021.1,disagree,Bacteria,Proteobacteria,Gammaproteobacteria,Enterobacterales,Enterobacteriaceae,,,
BCW_200021,BCW_200021.2,found,Bacteria,Proteobacteria,Gammaproteobacteria,Enterobacterales,Enterobacteriaceae,Enterobacter,,
BCW_200022,BCW_200022.1,disagree,Bacteria,Proteobacteria,Gammaproteobacteria,Enterobacterales,Enterobacteriaceae,,,
BCW_200022,BCW_200022.2,found,Bacteria,Proteobacteria,Gammaproteobacteria,Enterobacterales,Enterobacteriaceae,Enterobacter,Enterobacter sp. UCD-UG_FMILLET,
BCW_200023,BCW_200023.1,disagree,Bacteria,Proteobacteria,Gammaproteobacteria,Enterobacterales,Enterobacteriaceae,Enterobacter,,
BCW_200024,BCW_200024.1,disagree,Bacteria,Proteobacteria,Gammaproteobacteria,Enterobacterales,Enterobacteriaceae,,,
BCW_200024,BCW_200024.2,found,Bacteria,Proteobacteria,Gammaproteobacteria,Enterobacterales,Enterobacteriaceae,Raoultella,Raoultella terrigena,
BCW_200025,BCW_200025.1,disagree,Bacteria,Proteobacteria,Gammaproteobacteria,Enterobacterales,Enterobacteriaceae,Enterobacter,,
BCW_200026,BCW_200026.1,disagree,Bacteria,Proteobacteria,Gammaproteobacteria,Enterobacterales,Enterobacteriaceae,Enterobacter,,
BCW_200027,BCW_200027.1,found,Bacteria,Proteobacteria,Gammaproteobacteria,Enterobacterales,Enterobacteriaceae,Enterobacter,Enterobacter asburiae,
BCW_200028,BCW_200028.1,found,Bacteria,Proteobacteria,Gammaproteobacteria,Enterobacterales,Enterobacteriaceae,Raoultella,Raoultella terrigena,
BCW_200029,BCW_200029.1,found,Bacteria,Proteobacteria,Gammaproteobacteria,Enterobacterales,Enterobacteriaceae,Enterobacter,Enterobacter asburiae,
BCW_200030,BCW_200030.1,found,Bacteria,Proteobacteria,Gammaproteobacteria,Enterobacterales,Enterobacteriaceae,Raoultella,Raoultella terrigena,
BCW_200031,BCW_200031.1,found,Bacteria,Proteobacteria,Gammaproteobacteria,Enterobacterales,Enterobacteriaceae,Citrobacter,Citrobacter freundii,
BCW_200032,BCW_200032.1,found,Bacteria,Proteobacteria,Gammaproteobacteria,Pseudomonadales,Moraxellaceae,Acinetobacter,,
BCW_200033,BCW_200033.1,disagree,Bacteria,Proteobacteria,Gammaproteobacteria,Enterobacterales,Enterobacteriaceae,,,
BCW_200034,BCW_200034.1,disagree,Bacteria,Proteobacteria,Gammaproteobacteria,Enterobacterales,Enterobacteriaceae,Enterobacter,,
BCW_200035,BCW_200035.1,disagree,Bacteria,Proteobacteria,Gammaproteobacteria,Enterobacterales,Enterobacteriaceae,Enterobacter,,
BCW_200036,BCW_200036.1,found,Bacteria,Proteobacteria,Gammaproteobacteria,Enterobacterales,Enterobacteriaceae,Citrobacter,Citrobacter braakii,
BCW_200037,BCW_200037.1,disagree,Bacteria,Proteobacteria,Gammaproteobacteria,Enterobacterales,Enterobacteriaceae,,,
BCW_200037,BCW_200037.2,disagree,Bacteria,Proteobacteria,Gammaproteobacteria,Enterobacterales,Enterobacteriaceae,,,
BCW_200039,BCW_200039.1,disagree,Bacteria,Proteobacteria,Gammaproteobacteria,Enterobacterales,Enterobacteriaceae,Enterobacter,,
BCW_200039,BCW_200039.2,disagree,Bacteria,Proteobacteria,Gammaproteobacteria,Enterobacterales,Enterobacteriaceae,,,
BCW_200040,BCW_200040.1,disagree,Bacteria,Proteobacteria,Gammaproteobacteria,Enterobacterales,Enterobacteriaceae,,,
BCW_200041,BCW_200041.1,disagree,Bacteria,Proteobacteria,Gammaproteobacteria,Enterobacterales,Enterobacteriaceae,Enterobacter,,
BCW_200042,BCW_200042.1,disagree,Bacteria,Proteobacteria,Gammaproteobacteria,Pseudomonadales,Pseudomonadaceae,Pseudomonas,,
BCW_200042,BCW_200042.2,found,Bacteria,Firmicutes,Bacilli,Lactobacillales,Streptococcaceae,Lactococcus,Lactococcus lactis,
BCW_200043,BCW_200043.1,found,Bacteria,Proteobacteria,Gammaproteobacteria,Enterobacterales,Enterobacteriaceae,Enterobacter,Enterobacter cloacae,
BCW_200044,BCW_200044.1,found,Bacteria,Proteobacteria,Gammaproteobacteria,Pseudomonadales,Moraxellaceae,Acinetobacter,,
BCW_200045,BCW_200045.1,disagree,Bacteria,Proteobacteria,Gammaproteobacteria,Enterobacterales,Enterobacteriaceae,Enterobacter,,
BCW_200045,BCW_200045.2,nomatch,,,,,,,,
BCW_200046,BCW_200046.1,found,Bacteria,Proteobacteria,Gammaproteobacteria,Pseudomonadales,Pseudomonadaceae,Pseudomonas,Pseudomonas protegens,
BCW_200047,BCW_200047.1,found,Bacteria,Proteobacteria,Gammaproteobacteria,Enterobacterales,Enterobacteriaceae,Enterobacter,Enterobacter asburiae,
BCW_200048,BCW_200048.1,found,Bacteria,Proteobacteria,Gammaproteobacteria,Pseudomonadales,Pseudomonadaceae,Pseudomonas,Pseudomonas fluorescens,
BCW_200048,BCW_200048.2,found,Bacteria,Firmicutes,Bacilli,Lactobacillales,Streptococcaceae,Lactococcus,Lactococcus lactis,
BCW_200049,BCW_200049.1,found,Bacteria,Proteobacteria,Gammaproteobacteria,Enterobacterales,Enterobacteriaceae,Klebsiella,Klebsiella michiganensis,
BCW_200050,BCW_200050.1,disagree,Bacteria,Proteobacteria,Gammaproteobacteria,Enterobacterales,Enterobacteriaceae,Enterobacter,,
BCW_200051,BCW_200051.1,found,Bacteria,Firmicutes,Bacilli,Lactobacillales,Streptococcaceae,Lactococcus,Lactococcus lactis,
BCW_200052,BCW_200052.1,disagree,Bacteria,Proteobacteria,Gammaproteobacteria,Enterobacterales,Enterobacteriaceae,,,
BCW_200052,BCW_200052.2,found,Bacteria,Proteobacteria,Gammaproteobacteria,Pseudomonadales,Pseudomonadaceae,Pseudomonas,Pseudomonas fluorescens,
BCW_200053,BCW_200053.1,found,Bacteria,Proteobacteria,Gammaproteobacteria,Enterobacterales,Enterobacteriaceae,Klebsiella,Klebsiella michiganensis,
BCW_200054,BCW_200054.1,found,Bacteria,Proteobacteria,Gammaproteobacteria,Enterobacterales,Enterobacteriaceae,Enterobacter,Enterobacter asburiae,
BCW_200055,BCW_200055.1,found,Bacteria,Proteobacteria,Gammaproteobacteria,Enterobacterales,Enterobacteriaceae,Enterobacter,Enterobacter asburiae,
BCW_200056,BCW_200056.1,found,Bacteria,Proteobacteria,Gammaproteobacteria,Pseudomonadales,Pseudomonadaceae,Pseudomonas,Pseudomonas fluorescens,
BCW_200057,BCW_200057.1,nomatch,,,,,,,,
BCW_200058,BCW_200058.1,found,Bacteria,Proteobacteria,Gammaproteobacteria,Pseudomonadales,Pseudomonadaceae,Pseudomonas,Pseudomonas protegens,
BCW_200058,BCW_200058.2,found,Bacteria,Proteobacteria,Gammaproteobacteria,Pseudomonadales,Pseudomonadaceae,Pseudomonas,,
BCW_200060,BCW_200060.1,found,Bacteria,Proteobacteria,Gammaproteobacteria,Enterobacterales,Enterobacteriaceae,,,
BCW_200061,BCW_200061.1,disagree,Bacteria,Proteobacteria,Gammaproteobacteria,Enterobacterales,Yersiniaceae,Serratia,,
BCW_200063,BCW_200063.1,nomatch,,,,,,,,
BCW_200064,BCW_200064.1,found,Bacteria,Proteobacteria,Gammaproteobacteria,Enterobacterales,Enterobacteriaceae,Enterobacter,Enterobacter asburiae,
BCW_200065,BCW_200065.1,disagree,Bacteria,Proteobacteria,Gammaproteobacteria,Pseudomonadales,Pseudomonadaceae,Pseudomonas,,
BCW_200066,BCW_200066.1,found,Bacteria,Proteobacteria,Gammaproteobacteria,Enterobacterales,Enterobacteriaceae,,,
BCW_200067,BCW_200067.1,found,Bacteria,Actinobacteria,Actinobacteria,Micrococcales,Microbacteriaceae,Microbacterium,Microbacterium hominis,
BCW_200068,BCW_200068.1,disagree,Bacteria,Proteobacteria,Gammaproteobacteria,Pseudomonadales,Pseudomonadaceae,Pseudomonas,,
BCW_200069,BCW_200069.1,disagree,Bacteria,Proteobacteria,Gammaproteobacteria,Enterobacterales,Enterobacteriaceae,Klebsiella,,
BCW_200070,BCW_200070.1,found,Bacteria,Proteobacteria,Gammaproteobacteria,Enterobacterales,Enterobacteriaceae,Raoultella,Raoultella terrigena,
BCW_200070,BCW_200070.2,found,Bacteria,Proteobacteria,Gammaproteobacteria,Enterobacterales,Enterobacteriaceae,,,
BCW_200071,BCW_200071.1,disagree,Bacteria,Proteobacteria,Gammaproteobacteria,Enterobacterales,Enterobacteriaceae,,,
BCW_200072,BCW_200072.1,found,Bacteria,Proteobacteria,Gammaproteobacteria,Enterobacterales,Enterobacteriaceae,Raoultella,Raoultella terrigena,
BCW_200072,BCW_200072.2,found,Bacteria,Proteobacteria,Gammaproteobacteria,Enterobacterales,,,,
BCW_200073,BCW_200073.1,disagree,Bacteria,Proteobacteria,Gammaproteobacteria,Pseudomonadales,Pseudomonadaceae,Pseudomonas,,
BCW_200074,BCW_200074.1,found,Bacteria,Firmicutes,Bacilli,Lactobacillales,Streptococcaceae,Lactococcus,Lactococcus lactis,
BCW_200074,BCW_200074.2,found,Bacteria,Proteobacteria,Gammaproteobacteria,Enterobacterales,Enterobacteriaceae,Enterobacter,Enterobacter sp. 638,
BCW_200077,BCW_200077.1,found,Bacteria,Firmicutes,Bacilli,Lactobacillales,Streptococcaceae,Lactococcus,Lactococcus lactis,
BCW_200078,BCW_200078.1,found,Bacteria,Actinobacteria,Actinobacteria,Micrococcales,Micrococcaceae,Micrococcus,Micrococcus luteus,
BCW_200079,BCW_200079.1,found,Bacteria,Firmicutes,Bacilli,Lactobacillales,Streptococcaceae,Lactococcus,Lactococcus lactis,
BCW_200080,BCW_200080.1,found,Bacteria,Firmicutes,Bacilli,Lactobacillales,Streptococcaceae,Lactococcus,Lactococcus lactis,
BCW_200080,BCW_200080.2,found,Bacteria,Proteobacteria,Gammaproteobacteria,Enterobacterales,Enterobacteriaceae,Enterobacter,Enterobacter cloacae,
BCW_200080,BCW_200080.3,nomatch,,,,,,,,
BCW_200081,BCW_200081.1,found,Bacteria,Proteobacteria,Gammaproteobacteria,Pseudomonadales,Moraxellaceae,Acinetobacter,,
BCW_200082,BCW_200082.1,found,Bacteria,Proteobacteria,Gammaproteobacteria,Enterobacterales,Enterobacteriaceae,Enterobacter,Enterobacter cloacae,
BCW_200083,BCW_200083.1,disagree,Bacteria,Proteobacteria,Gammaproteobacteria,Enterobacterales,Enterobacteriaceae,Klebsiella,,
BCW_200084,BCW_200084.1,disagree,Bacteria,Proteobacteria,Gammaproteobacteria,Enterobacterales,Enterobacteriaceae,Klebsiella,,
BCW_200085,BCW_200085.1,found,Bacteria,Proteobacteria,Gammaproteobacteria,Enterobacterales,Enterobacteriaceae,Enterobacter,Enterobacter cloacae,
BCW_200085,BCW_200085.2,found,Bacteria,Proteobacteria,Gammaproteobacteria,Pseudomonadales,Moraxellaceae,Acinetobacter,,
BCW_200085,BCW_200085.3,found,Bacteria,Proteobacteria,Gammaproteobacteria,Enterobacterales,Enterobacteriaceae,Enterobacter,,
BCW_200085,BCW_200085.4,nomatch,,,,,,,,
BCW_200086,BCW_200086.1,disagree,Bacteria,Proteobacteria,Gammaproteobacteria,Enterobacterales,Enterobacteriaceae,Klebsiella,,
BCW_200087,BCW_200087.1,disagree,Bacteria,Proteobacteria,Gammaproteobacteria,Enterobacterales,Enterobacteriaceae,Klebsiella,,
BCW_200087,BCW_200087.2,found,Bacteria,Proteobacteria,Gammaproteobacteria,Enterobacterales,Enterobacteriaceae,Citrobacter,Citrobacter braakii,
BCW_200087,BCW_200087.3,found,Bacteria,Proteobacteria,Gammaproteobacteria,Enterobacterales,Enterobacteriaceae,Citrobacter,,
BCW_200089,BCW_200089.1,disagree,Bacteria,Proteobacteria,Betaproteobacteria,Burkholderiales,Burkholderiaceae,Burkholderia,,
BCW_200089,BCW_200089.2,disagree,Bacteria,Proteobacteria,Betaproteobacteria,Burkholderiales,Burkholderiaceae,Burkholderia,,
BCW_200091,BCW_200091.1,disagree,Bacteria,Proteobacteria,Betaproteobacteria,Burkholderiales,Burkholderiaceae,Burkholderia,,
BCW_200091,BCW_200091.2,found,Bacteria,Proteobacteria,Betaproteobacteria,Burkholderiales,Burkholderiaceae,Burkholderia,Burkholderia cepacia,
BCW_200092,BCW_200092.1,found,Bacteria,Proteobacteria,Gammaproteobacteria,Enterobacterales,Enterobacteriaceae,Enterobacter,Enterobacter sp. UCD-UG_FMILLET,
BCW_200093,BCW_200093.1,disagree,Bacteria,Proteobacteria,Gammaproteobacteria,Enterobacterales,Enterobacteriaceae,Klebsiella,,
BCW_200094,BCW_200094.1,found,Bacteria,Proteobacteria,Gammaproteobacteria,Enterobacterales,Enterobacteriaceae,Enterobacter,Enterobacter cloacae,
BCW_200095,BCW_200095.1,disagree,Bacteria,Proteobacteria,Gammaproteobacteria,Enterobacterales,Enterobacteriaceae,Enterobacter,,
BCW_200096,BCW_200096.1,disagree,Bacteria,Proteobacteria,Gammaproteobacteria,Enterobacterales,Enterobacteriaceae,Klebsiella,,
BCW_200097,BCW_200097.1,disagree,Bacteria,Proteobacteria,Gammaproteobacteria,Pseudomonadales,Moraxellaceae,Acinetobacter,,
BCW_200098,BCW_200098.1,found,Bacteria,Proteobacteria,Gammaproteobacteria,Enterobacterales,Enterobacteriaceae,Enterobacter,Enterobacter cloacae,
BCW_200098,BCW_200098.2,found,Bacteria,Proteobacteria,Gammaproteobacteria,Pseudomonadales,Moraxellaceae,Acinetobacter,,
BCW_200098,BCW_200098.3,found,Bacteria,Proteobacteria,Gammaproteobacteria,Enterobacterales,Enterobacteriaceae,Enterobacter,,
BCW_200099,BCW_200099.1,disagree,Bacteria,Proteobacteria,Gammaproteobacteria,Enterobacterales,Enterobacteriaceae,Klebsiella,,
BCW_200100,BCW_200100.1,found,Bacteria,Proteobacteria,Gammaproteobacteria,Pseudomonadales,Moraxellaceae,Acinetobacter,,
BCW_200101,BCW_200101.1,found,Bacteria,Firmicutes,Bacilli,Bacillales,Bacillaceae,Bacillus,Bacillus eiseniae,
BCW_200102,BCW_200102.1,disagree,Bacteria,Proteobacteria,Gammaproteobacteria,Enterobacterales,Enterobacteriaceae,Enterobacter,,
BCW_200103,BCW_200103.1,found,Bacteria,Proteobacteria,Gammaproteobacteria,Xanthomonadales,Xanthomonadaceae,Stenotrophomonas,Stenotrophomonas maltophilia,
BCW_200104,BCW_200104.1,disagree,Bacteria,Proteobacteria,Gammaproteobacteria,Enterobacterales,Enterobacteriaceae,Enterobacter,,
BCW_200105,BCW_200105.1,disagree,Bacteria,Proteobacteria,Gammaproteobacteria,Pseudomonadales,Moraxellaceae,Acinetobacter,,
BCW_200106,BCW_200106.1,disagree,Bacteria,Proteobacteria,Gammaproteobacteria,Enterobacterales,Enterobacteriaceae,Raoultella,,
BCW_200107,BCW_200107.1,found,Bacteria,Proteobacteria,Gammaproteobacteria,Enterobacterales,Enterobacteriaceae,Enterobacter,Enterobacter cloacae,
BCW_200108,BCW_200108.1,disagree,Bacteria,Proteobacteria,Gammaproteobacteria,Enterobacterales,Enterobacteriaceae,Enterobacter,,
BCW_200108,BCW_200108.2,disagree,Bacteria,Proteobacteria,Gammaproteobacteria,Pseudomonadales,Moraxellaceae,Acinetobacter,,
BCW_200109,BCW_200109.1,disagree,Bacteria,Proteobacteria,Gammaproteobacteria,Enterobacterales,Enterobacteriaceae,Enterobacter,,
BCW_200111,BCW_200111.1,found,Bacteria,Proteobacteria,Gammaproteobacteria,Enterobacterales,Enterobacteriaceae,Citrobacter,Citrobacterrmeri,
BCW_200112,BCW_200112.1,disagree,Bacteria,Proteobacteria,Gammaproteobacteria,Pseudomonadales,Moraxellaceae,Acinetobacter,,
BCW_200113,BCW_200113.1,found,Bacteria,Proteobacteria,Gammaproteobacteria,Enterobacterales,Enterobacteriaceae,Klebsiella,Klebsiella michiganensis,
BCW_200114,BCW_200114.1,found,Bacteria,Proteobacteria,Gammaproteobacteria,Enterobacterales,Yersiniaceae,Serratia,Serratia liquciens,
BCW_200115,BCW_200115.1,disagree,Bacteria,Proteobacteria,Gammaproteobacteria,Enterobacterales,Morganellaceae,Morganella,,
BCW_200116,BCW_200116.1,disagree,Bacteria,Proteobacteria,Gammaproteobacteria,Pseudomonadales,Moraxellaceae,Acinetobacter,,
BCW_200117,BCW_200117.1,disagree,Bacteria,Proteobacteria,Gammaproteobacteria,Enterobacterales,Enterobacteriaceae,Raoultella,,
BCW_200118,BCW_200118.1,disagree,Bacteria,Proteobacteria,Gammaproteobacteria,Pseudomonadales,Moraxellaceae,Acinetobacter,,
BCW_200119,BCW_200119.1,disagree,Bacteria,Proteobacteria,Gammaproteobacteria,Pseudomonadales,Moraxellaceae,Acinetobacter,,
BCW_200120,BCW_200120.1,disagree,Bacteria,Proteobacteria,Gammaproteobacteria,Enterobacterales,Enterobacteriaceae,Raoultella,,
BCW_200121,BCW_200121.1,found,Bacteria,Firmicutes,Bacilli,Lactobacillales,Streptococcaceae,Lactococcus,Lactococcus lactis,
BCW_200122,BCW_200122.1,disagree,Bacteria,Proteobacteria,Gammaproteobacteria,Enterobacterales,Enterobacteriaceae,Enterobacter,,
BCW_200123,BCW_200123.1,found,Bacteria,Proteobacteria,Gammaproteobacteria,Enterobacterales,Enterobacteriaceae,Klebsiella,Klebsiella michiganensis,
BCW_200124,BCW_200124.1,found,Bacteria,Proteobacteria,Gammaproteobacteria,Enterobacterales,Enterobacteriaceae,Klebsiella,Klebsiella michiganensis,
BCW_200126,BCW_200126.1,found,Bacteria,Proteobacteria,Gammaproteobacteria,Enterobacterales,Enterobacteriaceae,Kosakonia,Kosakonia sacchari,
BCW_200126,BCW_200126.2,found,Bacteria,Firmicutes,Bacilli,Lactobacillales,Streptococcaceae,Lactococcus,Lactococcus lactis,
BCW_200126,BCW_200126.3,nomatch,,,,,,,,
BCW_200127,BCW_200127.1,found,Bacteria,Proteobacteria,Gammaproteobacteria,Enterobacterales,Enterobacteriaceae,Klebsiella,Klebsiella michiganensis,
BCW_200127,BCW_200127.2,found,Bacteria,Firmicutes,Bacilli,Lactobacillales,Streptococcaceae,Lactococcus,Lactococcus lactis,
BCW_200127,BCW_200127.3,found,Bacteria,Proteobacteria,Gammaproteobacteria,Enterobacterales,Enterobacteriaceae,Citrobacter,Citrobacterrmeri,
BCW_200127,BCW_200127.4,found,Bacteria,Proteobacteria,Gammaproteobacteria,Enterobacterales,Enterobacteriaceae,Citrobacter,Citrobacterrmeri,
BCW_200127,BCW_200127.5,nomatch,,,,,,,,
BCW_200128,BCW_200128.1,found,Bacteria,Firmicutes,Bacilli,Lactobacillales,Streptococcaceae,Lactococcus,Lactococcus lactis,
BCW_200129,BCW_200129.1,found,Bacteria,Proteobacteria,Gammaproteobacteria,Enterobacterales,Enterobacteriaceae,Klebsiella,Klebsiella michiganensis,
BCW_200130,BCW_200130.1,found,Bacteria,Firmicutes,Bacilli,Lactobacillales,Enterococcaceae,Enterococcus,Enterococcus casseliflavus,
BCW_200130,BCW_200130.2,found,Bacteria,Firmicutes,Bacilli,Lactobacillales,Enterococcaceae,Enterococcus,Enterococcus casseliflavus,
BCW_200131,BCW_200131.1,found,Bacteria,Proteobacteria,Gammaproteobacteria,Enterobacterales,Enterobacteriaceae,Enterobacter,Enterobacter cloacae,
BCW_200131,BCW_200131.2,found,Bacteria,Firmicutes,Bacilli,Lactobacillales,Streptococcaceae,Lactococcus,Lactococcus lactis,
BCW_200132,BCW_200132.1,found,Bacteria,Proteobacteria,Gammaproteobacteria,Enterobacterales,Enterobacteriaceae,Klebsiella,Klebsiella michiganensis,
BCW_200133,BCW_200133.1,disagree,Bacteria,Proteobacteria,Gammaproteobacteria,Enterobacterales,Enterobacteriaceae,Enterobacter,,
BCW_200134,BCW_200134.1,disagree,Bacteria,Proteobacteria,Gammaproteobacteria,Enterobacterales,Enterobacteriaceae,Raoultella,,
BCW_200134,BCW_200134.2,nomatch,,,,,,,,
BCW_200135,BCW_200135.1,found,Bacteria,Proteobacteria,Gammaproteobacteria,Enterobacterales,Enterobacteriaceae,Klebsiella,Klebsiella michiganensis,
BCW_200135,BCW_200135.2,found,Bacteria,Firmicutes,Bacilli,Lactobacillales,Streptococcaceae,Lactococcus,Lactococcus lactis,
BCW_200136,BCW_200136.1,found,Bacteria,Proteobacteria,Gammaproteobacteria,Enterobacterales,Enterobacteriaceae,Klebsiella,Klebsiella michiganensis,
BCW_200137,BCW_200137.1,found,Bacteria,Proteobacteria,Gammaproteobacteria,Enterobacterales,Enterobacteriaceae,Klebsiella,Klebsiella michiganensis,
BCW_200138,BCW_200138.1,found,Bacteria,Firmicutes,Bacilli,Lactobacillales,Streptococcaceae,Lactococcus,Lactococcus lactis,
BCW_200139,BCW_200139.1,disagree,Bacteria,Proteobacteria,Gammaproteobacteria,Enterobacterales,Enterobacteriaceae,,,
BCW_200139,BCW_200139.2,nomatch,,,,,,,,
BCW_200140,BCW_200140.1,disagree,Bacteria,Proteobacteria,Gammaproteobacteria,Enterobacterales,Enterobacteriaceae,,,
BCW_200140,BCW_200140.2,found,Bacteria,Proteobacteria,Gammaproteobacteria,Enterobacterales,Enterobacteriaceae,Klebsiella,,
BCW_200140,BCW_200140.3,found,Bacteria,Proteobacteria,Gammaproteobacteria,Enterobacterales,Enterobacteriaceae,Klebsiella,,
BCW_200141,BCW_200141.1,found,Bacteria,Proteobacteria,Gammaproteobacteria,Enterobacterales,Enterobacteriaceae,Kosakonia,Kosakonia sacchari,
BCW_200142,BCW_200142.1,disagree,Bacteria,Proteobacteria,Gammaproteobacteria,Enterobacterales,Enterobacteriaceae,Raoultella,,
BCW_200143,BCW_200143.1,disagree,Bacteria,Proteobacteria,Gammaproteobacteria,Enterobacterales,Yersiniaceae,,,
BCW_200144,BCW_200144.1,found,Bacteria,Proteobacteria,Gammaproteobacteria,Enterobacterales,Yersiniaceae,Serratia,Serratia sp. Leaf51,
BCW_200145,BCW_200145.1,disagree,Bacteria,Proteobacteria,Gammaproteobacteria,Enterobacterales,Yersiniaceae,,,
BCW_200146,BCW_200146.1,found,Bacteria,Proteobacteria,Gammaproteobacteria,Enterobacterales,Yersiniaceae,Serratia,Serratia sp. Leaf51,
BCW_200147,BCW_200147.1,disagree,Bacteria,Proteobacteria,Gammaproteobacteria,Enterobacterales,Enterobacteriaceae,,,
BCW_200148,BCW_200148.1,disagree,Bacteria,Proteobacteria,Gammaproteobacteria,Enterobacterales,Enterobacteriaceae,,,
BCW_200149,BCW_200149.1,found,Bacteria,Proteobacteria,Gammaproteobacteria,Enterobacterales,Yersiniaceae,Serratia,Serratia sp. Leaf51,
BCW_200150,BCW_200150.1,found,Bacteria,Firmicutes,Bacilli,Lactobacillales,Streptococcaceae,Lactococcus,Lactococcus lactis,
BCW_200151,BCW_200151.1,disagree,Bacteria,Proteobacteria,Gammaproteobacteria,Enterobacterales,Yersiniaceae,,,
BCW_200152,BCW_200152.1,found,Bacteria,Proteobacteria,Gammaproteobacteria,Enterobacterales,Yersiniaceae,Serratia,Serratia sp. Leaf51,
BCW_200153,BCW_200153.1,found,Bacteria,Proteobacteria,Gammaproteobacteria,Xanthomonadales,Xanthomonadaceae,Stenotrophomonas,Stenotrophomonas maltophilia,
BCW_200154,BCW_200154.1,found,Bacteria,Proteobacteria,Gammaproteobacteria,Xanthomonadales,Xanthomonadaceae,Stenotrophomonas,Stenotrophomonas maltophilia,
BCW_200155,BCW_200155.1,disagree,Bacteria,Proteobacteria,Gammaproteobacteria,Enterobacterales,Yersiniaceae,,,
BCW_200156,BCW_200156.1,disagree,Bacteria,Proteobacteria,Gammaproteobacteria,Enterobacterales,Enterobacteriaceae,Raoultella,,
BCW_200157,BCW_200157.1,disagree,Bacteria,Proteobacteria,Gammaproteobacteria,Enterobacterales,Yersiniaceae,,,
BCW_200158,BCW_200158.1,found,Bacteria,Firmicutes,Bacilli,Lactobacillales,Streptococcaceae,Lactococcus,Lactococcus lactis,
BCW_200159,BCW_200159.1,found,Bacteria,Firmicutes,Bacilli,Lactobacillales,Streptococcaceae,Lactococcus,Lactococcus lactis,
BCW_200160,BCW_200160.1,found,Bacteria,Firmicutes,Bacilli,Lactobacillales,Streptococcaceae,Lactococcus,Lactococcus lactis,
BCW_200161,BCW_200161.1,disagree,Bacteria,Proteobacteria,Gammaproteobacteria,Enterobacterales,Enterobacteriaceae,Raoultella,,
BCW_200162,BCW_200162.1,found,Bacteria,Proteobacteria,Gammaproteobacteria,Enterobacterales,Enterobacteriaceae,,,
BCW_200163,BCW_200163.1,found,Bacteria,Firmicutes,Bacilli,Lactobacillales,Streptococcaceae,Lactococcus,Lactococcus lactis,
BCW_200164,BCW_200164.1,disagree,Bacteria,Proteobacteria,Gammaproteobacteria,Enterobacterales,Enterobacteriaceae,Raoultella,,
BCW_200164,BCW_200164.2,nomatch,,,,,,,,
BCW_200165,BCW_200165.1,disagree,Bacteria,Proteobacteria,Gammaproteobacteria,Enterobacterales,Enterobacteriaceae,Raoultella,,
BCW_200166,BCW_200166.1,found,Bacteria,Proteobacteria,Gammaproteobacteria,Enterobacterales,Enterobacteriaceae,Klebsiella,Klebsiella michiganensis,
BCW_200166,BCW_200166.2,found,Bacteria,Firmicutes,Bacilli,Bacillales,Bacillaceae,Bacillus,,
BCW_200167,BCW_200167.1,found,Bacteria,Proteobacteria,Gammaproteobacteria,Enterobacterales,Enterobacteriaceae,Klebsiella,Klebsiella michiganensis,
BCW_200168,BCW_200168.1,found,Bacteria,Proteobacteria,Gammaproteobacteria,Enterobacterales,Enterobacteriaceae,,,
BCW_200169,BCW_200169.1,disagree,Bacteria,Proteobacteria,Gammaproteobacteria,Enterobacterales,Enterobacteriaceae,Raoultella,,
BCW_200170,BCW_200170.1,disagree,Bacteria,Proteobacteria,Gammaproteobacteria,Enterobacterales,Enterobacteriaceae,,,
BCW_200170,BCW_200170.2,found,Bacteria,Proteobacteria,Gammaproteobacteria,Enterobacterales,Enterobacteriaceae,Raoultella,,
BCW_200171,BCW_200171.1,disagree,Bacteria,Proteobacteria,Gammaproteobacteria,Enterobacterales,Enterobacteriaceae,Raoultella,,
BCW_200172,BCW_200172.1,found,Bacteria,Proteobacteria,Gammaproteobacteria,Enterobacterales,Enterobacteriaceae,Klebsiella,Klebsiella michiganensis,
BCW_200173,BCW_200173.1,found,Bacteria,Actinobacteria,Actinobacteria,Micrococcales,Micrococcaceae,Micrococcus,Micrococcus luteus,
BCW_200174,BCW_200174.1,found,Bacteria,Firmicutes,Bacilli,Lactobacillales,Streptococcaceae,Lactococcus,Lactococcus lactis,
BCW_200175,BCW_200175.1,found,Bacteria,Firmicutes,Bacilli,Lactobacillales,Streptococcaceae,Lactococcus,Lactococcus lactis,
BCW_200176,BCW_200176.1,disagree,Bacteria,Proteobacteria,Gammaproteobacteria,Enterobacterales,Enterobacteriaceae,,,
BCW_200176,BCW_200176.2,found,Bacteria,Proteobacteria,Gammaproteobacteria,Enterobacterales,,,,
BCW_200177,BCW_200177.1,found,Bacteria,Proteobacteria,Gammaproteobacteria,Enterobacterales,Enterobacteriaceae,Klebsiella,Klebsiella michiganensis,
BCW_200178,BCW_200178.1,disagree,Bacteria,Proteobacteria,Gammaproteobacteria,Enterobacterales,Enterobacteriaceae,Raoultella,,
BCW_200178,BCW_200178.2,found,Bacteria,Proteobacteria,Gammaproteobacteria,Enterobacterales,Enterobacteriaceae,,,
BCW_200178,BCW_200178.3,nomatch,,,,,,,,
BCW_200179,BCW_200179.1,found,Bacteria,Proteobacteria,Gammaproteobacteria,Enterobacterales,Enterobacteriaceae,Kosakonia,Kosakonia sacchari,
BCW_200179,BCW_200179.2,found,Bacteria,Firmicutes,Bacilli,Lactobacillales,Streptococcaceae,Lactococcus,Lactococcus lactis,
BCW_200180,BCW_200180.1,found,Bacteria,Firmicutes,Bacilli,Lactobacillales,Streptococcaceae,Lactococcus,Lactococcus lactis,
BCW_200181,BCW_200181.1,found,Bacteria,Proteobacteria,Gammaproteobacteria,Enterobacterales,Enterobacteriaceae,Kosakonia,Kosakonia sacchari,
BCW_200182,BCW_200182.1,disagree,Bacteria,Proteobacteria,Gammaproteobacteria,Enterobacterales,Enterobacteriaceae,,,
BCW_200182,BCW_200182.2,found,Bacteria,Proteobacteria,Gammaproteobacteria,Enterobacterales,Enterobacteriaceae,Raoultella,,
BCW_200183,BCW_200183.1,found,Bacteria,Proteobacteria,Gammaproteobacteria,Enterobacterales,Enterobacteriaceae,Kosakonia,Kosakonia sacchari,
BCW_200184,BCW_200184.1,disagree,Bacteria,Proteobacteria,Gammaproteobacteria,Enterobacterales,Enterobacteriaceae,,,
BCW_200185,BCW_200185.1,disagree,Bacteria,Proteobacteria,Gammaproteobacteria,Enterobacterales,Enterobacteriaceae,Enterobacter,,
BCW_200185,BCW_200185.2,found,Bacteria,Proteobacteria,Gammaproteobacteria,Enterobacterales,,,,
BCW_200186,BCW_200186.1,disagree,Bacteria,Proteobacteria,Gammaproteobacteria,Enterobacterales,Enterobacteriaceae,Raoultella,,
BCW_200186,BCW_200186.2,disagree,Bacteria,Proteobacteria,Gammaproteobacteria,Enterobacterales,Enterobacteriaceae,,,
BCW_200187,BCW_200187.1,found,Bacteria,Proteobacteria,Gammaproteobacteria,Enterobacterales,Enterobacteriaceae,Kosakonia,Kosakonia sacchari,
BCW_200187,BCW_200187.2,nomatch,,,,,,,,
BCW_200188,BCW_200188.1,found,Bacteria,Firmicutes,Bacilli,Lactobacillales,Streptococcaceae,Lactococcus,Lactococcus lactis,
BCW_200189,BCW_200189.1,disagree,Bacteria,Proteobacteria,Gammaproteobacteria,Enterobacterales,Enterobacteriaceae,Raoultella,,
BCW_200189,BCW_200189.2,found,Bacteria,Proteobacteria,Gammaproteobacteria,Enterobacterales,Enterobacteriaceae,Kosakonia,Kosakonia sacchari,
BCW_200189,BCW_200189.3,found,Bacteria,Proteobacteria,Gammaproteobacteria,Enterobacterales,,,,
BCW_200191,BCW_200191.1,disagree,Bacteria,Proteobacteria,Gammaproteobacteria,Enterobacterales,Enterobacteriaceae,Raoultella,,
BCW_200191,BCW_200191.2,found,Bacteria,Proteobacteria,Gammaproteobacteria,Enterobacterales,Enterobacteriaceae,Klebsiella,,
BCW_200191,BCW_200191.3,found,Bacteria,Proteobacteria,Gammaproteobacteria,Enterobacterales,,,,
BCW_200192,BCW_200192.1,found,Bacteria,Firmicutes,Bacilli,Lactobacillales,Streptococcaceae,Lactococcus,Lactococcus lactis,
BCW_200193,BCW_200193.1,disagree,Bacteria,Proteobacteria,Gammaproteobacteria,Enterobacterales,Enterobacteriaceae,Enterobacter,,
BCW_200193,BCW_200193.2,found,Bacteria,Proteobacteria,Gammaproteobacteria,Enterobacterales,,,,
BCW_200194,BCW_200194.1,found,Bacteria,Proteobacteria,Gammaproteobacteria,Enterobacterales,Enterobacteriaceae,Kosakonia,Kosakonia sacchari,
BCW_200195,BCW_200195.1,disagree,Bacteria,Proteobacteria,Gammaproteobacteria,Enterobacterales,Enterobacteriaceae,,,
BCW_200196,BCW_200196.1,found,Bacteria,Firmicutes,Bacilli,Lactobacillales,Streptococcaceae,Lactococcus,Lactococcus lactis,
BCW_200197,BCW_200197.1,found,Bacteria,Proteobacteria,Gammaproteobacteria,Enterobacterales,Enterobacteriaceae,Kosakonia,Kosakonia sacchari,
BCW_200198,BCW_200198.1,found,Bacteria,Firmicutes,Bacilli,Lactobacillales,Streptococcaceae,Lactococcus,Lactococcus lactis,
BCW_200199,BCW_200199.1,disagree,Bacteria,Proteobacteria,Gammaproteobacteria,Enterobacterales,Enterobacteriaceae,Raoultella,,
BCW_200200,BCW_200200.1,disagree,Bacteria,Proteobacteria,Gammaproteobacteria,Enterobacterales,Enterobacteriaceae,,,
BCW_200201,BCW_200201.1,disagree,Bacteria,Proteobacteria,Gammaproteobacteria,Enterobacterales,Enterobacteriaceae,Raoultella,,
BCW_200202,BCW_200202.1,found,Bacteria,Proteobacteria,Gammaproteobacteria,Xanthomonadales,Xanthomonadaceae,Stenotrophomonas,Stenotrophomonas maltophilia,
BCW_200203,BCW_200203.1,found,Bacteria,Proteobacteria,Gammaproteobacteria,Enterobacterales,Enterobacteriaceae,Raoultella,Raoultella terrigena,
BCW_200204,BCW_200204.1,disagree,Bacteria,Proteobacteria,Gammaproteobacteria,Enterobacterales,Enterobacteriaceae,Raoultella,,
BCW_200204,BCW_200204.2,nomatch,,,,,,,,
BCW_200204,BCW_200204.3,found,Bacteria,Proteobacteria,Gammaproteobacteria,Enterobacterales,Enterobacteriaceae,,,
BCW_200205,BCW_200205.1,disagree,Bacteria,Proteobacteria,Gammaproteobacteria,Enterobacterales,Enterobacteriaceae,,,
BCW_200205,BCW_200205.2,found,Bacteria,Proteobacteria,Gammaproteobacteria,Enterobacterales,Enterobacteriaceae,Kosakonia,Kosakonia sacchari,
BCW_200205,BCW_200205.3,found,Bacteria,Proteobacteria,Gammaproteobacteria,Enterobacterales,Enterobacteriaceae,,,
BCW_200206,BCW_200206.1,disagree,Bacteria,Proteobacteria,Gammaproteobacteria,Enterobacterales,Enterobacteriaceae,Enterobacter,,
BCW_200207,BCW_200207.1,disagree,Bacteria,Proteobacteria,Gammaproteobacteria,Enterobacterales,Enterobacteriaceae,Enterobacter,,
BCW_200207,BCW_200207.2,found,Bacteria,Proteobacteria,Gammaproteobacteria,Xanthomonadales,Xanthomonadaceae,Stenotrophomonas,Stenotrophomonas maltophilia,
BCW_200208,BCW_200208.1,disagree,Bacteria,Proteobacteria,Alphaproteobacteria,Rhizobiales,Rhizobiaceae,,,
BCW_200209,BCW_200209.1,found,Bacteria,Actinobacteria,Actinobacteria,Micrococcales,Microbacteriaceae,Leifsonia,Leifsonia aquatica,
BCW_200210,BCW_200210.1,found,Bacteria,Proteobacteria,Gammaproteobacteria,Enterobacterales,Enterobacteriaceae,Kosakonia,Kosakonia sacchari,
BCW_200211,BCW_200211.1,disagree,Bacteria,Proteobacteria,Gammaproteobacteria,Pseudomonadales,Pseudomonadaceae,Pseudomonas,,
BCW_200211,BCW_200211.2,found,Bacteria,Proteobacteria,Gammaproteobacteria,Pseudomonadales,Pseudomonadaceae,Pseudomonas,,
BCW_200212,BCW_200212.1,disagree,Bacteria,Proteobacteria,Betaproteobacteria,Burkholderiales,Alcaligenaceae,Achromobacter,,
BCW_200212,BCW_200212.2,nomatch,,,,,,,,
BCW_200213,BCW_200213.1,found,Bacteria,Proteobacteria,Gammaproteobacteria,Enterobacterales,Yersiniaceae,Serratia,Serratia sp. Leaf51,
BCW_200214,BCW_200214.1,found,Bacteria,Proteobacteria,Gammaproteobacteria,Enterobacterales,Enterobacteriaceae,Kosakonia,Kosakonia sacchari,
BCW_200215,BCW_200215.1,found,Bacteria,Proteobacteria,Alphaproteobacteria,Rhizobiales,Rhizobiaceae,Agrobacterium,Agrobacterium genomosp. 6,
BCW_200216,BCW_200216.1,disagree,Bacteria,Proteobacteria,Gammaproteobacteria,Enterobacterales,Enterobacteriaceae,Enterobacter,,
BCW_200217,BCW_200217.1,found,Bacteria,Proteobacteria,Gammaproteobacteria,Enterobacterales,Enterobacteriaceae,Raoultella,Raoultella terrigena,
BCW_200217,BCW_200217.2,nomatch,,,,,,,,
BCW_200218,BCW_200218.1,disagree,Bacteria,Proteobacteria,Gammaproteobacteria,Enterobacterales,Enterobacteriaceae,Enterobacter,,
BCW_200219,BCW_200219.1,disagree,Bacteria,Proteobacteria,Gammaproteobacteria,Enterobacterales,Enterobacteriaceae,Enterobacter,,
BCW_200221,BCW_200221.1,disagree,Bacteria,Proteobacteria,Gammaproteobacteria,Enterobacterales,Enterobacteriaceae,,,
BCW_200222,BCW_200222.1,disagree,Bacteria,Proteobacteria,Gammaproteobacteria,Pseudomonadales,Pseudomonadaceae,Pseudomonas,,
BCW_200222,BCW_200222.2,found,Bacteria,Proteobacteria,Gammaproteobacteria,Xanthomonadales,Xanthomonadaceae,Stenotrophomonas,Stenotrophomonas maltophilia,
BCW_200223,BCW_200223.1,disagree,Bacteria,Proteobacteria,Gammaproteobacteria,Enterobacterales,Enterobacteriaceae,Raoultella,,
BCW_200223,BCW_200223.2,found,Bacteria,Proteobacteria,Gammaproteobacteria,Enterobacterales,Enterobacteriaceae,Raoultella,,
BCW_200224,BCW_200224.1,disagree,Bacteria,Proteobacteria,Gammaproteobacteria,Enterobacterales,Enterobacteriaceae,Raoultella,,
BCW_200224,BCW_200224.2,found,Bacteria,Proteobacteria,Gammaproteobacteria,Enterobacterales,,,,
BCW_200224,BCW_200224.3,found,Bacteria,Proteobacteria,Gammaproteobacteria,Enterobacterales,Enterobacteriaceae,Klebsiella,,
BCW_200225,BCW_200225.1,disagree,Bacteria,Proteobacteria,Gammaproteobacteria,Enterobacterales,Enterobacteriaceae,Raoultella,,
BCW_200226,BCW_200226.1,found,Bacteria,Proteobacteria,Gammaproteobacteria,Enterobacterales,Enterobacteriaceae,Kosakonia,Kosakonia sacchari,
BCW_200227,BCW_200227.1,found,Bacteria,Proteobacteria,Gammaproteobacteria,Enterobacterales,Enterobacteriaceae,Kosakonia,Kosakonia sacchari,
BCW_200228,BCW_200228.1,disagree,Bacteria,Proteobacteria,Gammaproteobacteria,Enterobacterales,Enterobacteriaceae,Raoultella,,
BCW_200228,BCW_200228.2,found,Bacteria,Proteobacteria,Gammaproteobacteria,Enterobacterales,Enterobacteriaceae,Raoultella,,
BCW_200229,BCW_200229.1,found,Bacteria,Firmicutes,Bacilli,Lactobacillales,Streptococcaceae,Lactococcus,Lactococcus lactis,
BCW_200230,BCW_200230.1,disagree,Bacteria,Proteobacteria,Gammaproteobacteria,Enterobacterales,Enterobacteriaceae,Raoultella,,
BCW_200230,BCW_200230.2,found,Bacteria,Proteobacteria,Gammaproteobacteria,Enterobacterales,Enterobacteriaceae,Klebsiella,,
BCW_200231,BCW_200231.1,disagree,Bacteria,Proteobacteria,Gammaproteobacteria,Enterobacterales,Enterobacteriaceae,,,
BCW_200232,BCW_200232.1,found,Bacteria,Firmicutes,Bacilli,Lactobacillales,Streptococcaceae,Lactococcus,Lactococcus lactis,
BCW_200233,BCW_200233.1,disagree,Bacteria,Proteobacteria,Gammaproteobacteria,Enterobacterales,Enterobacteriaceae,Raoultella,,
BCW_200233,BCW_200233.2,found,Bacteria,Proteobacteria,Gammaproteobacteria,Enterobacterales,Enterobacteriaceae,Klebsiella,,
BCW_200234,BCW_200234.1,disagree,Bacteria,Proteobacteria,Gammaproteobacteria,Enterobacterales,Enterobacteriaceae,,,
BCW_200235,BCW_200235.1,disagree,Bacteria,Proteobacteria,Gammaproteobacteria,Enterobacterales,Enterobacteriaceae,,,
BCW_200236,BCW_200236.1,disagree,Bacteria,Proteobacteria,Gammaproteobacteria,Enterobacterales,Enterobacteriaceae,Raoultella,,
BCW_200237,BCW_200237.1,disagree,Bacteria,Proteobacteria,Gammaproteobacteria,Enterobacterales,Enterobacteriaceae,,,
BCW_200238,BCW_200238.1,found,Bacteria,Firmicutes,Bacilli,Lactobacillales,Streptococcaceae,Lactococcus,Lactococcus lactis,
BCW_200239,BCW_200239.1,disagree,Bacteria,Proteobacteria,Gammaproteobacteria,Enterobacterales,Enterobacteriaceae,Raoultella,,
BCW_200239,BCW_200239.2,found,Bacteria,Proteobacteria,Gammaproteobacteria,Enterobacterales,,,,
BCW_200239,BCW_200239.3,found,Bacteria,Proteobacteria,Gammaproteobacteria,Enterobacterales,Enterobacteriaceae,Raoultella,,
BCW_200240,BCW_200240.1,disagree,Bacteria,Proteobacteria,Gammaproteobacteria,Enterobacterales,Enterobacteriaceae,Raoultella,,
BCW_200240,BCW_200240.2,nomatch,,,,,,,,
BCW_200241,BCW_200241.1,found,Bacteria,Firmicutes,Bacilli,Lactobacillales,Streptococcaceae,Lactococcus,Lactococcus lactis,
BCW_200242,BCW_200242.1,disagree,Bacteria,Proteobacteria,Gammaproteobacteria,Enterobacterales,Enterobacteriaceae,,,
BCW_200242,BCW_200242.2,found,Bacteria,Proteobacteria,Gammaproteobacteria,Enterobacterales,Enterobacteriaceae,Enterobacter,Enterobacter cloacae,
BCW_200243,BCW_200243.1,disagree,Bacteria,Proteobacteria,Gammaproteobacteria,Enterobacterales,Enterobacteriaceae,,,
BCW_200243,BCW_200243.2,found,Bacteria,Proteobacteria,Gammaproteobacteria,Enterobacterales,Enterobacteriaceae,Enterobacter,,
BCW_200243,BCW_200243.3,found,Bacteria,Proteobacteria,Gammaproteobacteria,Enterobacterales,Enterobacteriaceae,Klebsiella,,
